phase,source_url,destination_url,anchor_text,link_context,http_status,final_url,chain_length,verification,rel,recommended_action
baseline,https://rust.robertdevore.com/,https://rust.robertdevore.com/#main,Skip to content,body,200,https://rust.robertdevore.com/,0,valid,,
baseline,https://rust.robertdevore.com/,https://rust.robertdevore.com/,Rust / the practical course,header,200,https://rust.robertdevore.com/,0,valid,,
baseline,https://rust.robertdevore.com/,https://rust.robertdevore.com/course/,Curriculum,nav,200,https://rust.robertdevore.com/course/,0,valid,,
baseline,https://rust.robertdevore.com/,https://rust.robertdevore.com/practice/,Practice,nav,200,https://rust.robertdevore.com/practice/,0,valid,,
baseline,https://rust.robertdevore.com/,https://rust.robertdevore.com/about/,About,nav,200,https://rust.robertdevore.com/about/,0,valid,,
baseline,https://rust.robertdevore.com/,https://rust.robertdevore.com/course/01-start/,Start learning →,div,200,https://rust.robertdevore.com/course/01-start/,0,valid,,
baseline,https://rust.robertdevore.com/,https://rust.robertdevore.com/course/,Explore the curriculum ↗,div,200,https://rust.robertdevore.com/course/,0,valid,,
baseline,https://rust.robertdevore.com/,https://rust.robertdevore.com/course/03-ownership/,Understand this example ↗,div,200,https://rust.robertdevore.com/course/03-ownership/,0,valid,,
baseline,https://rust.robertdevore.com/,https://rust.robertdevore.com/course/#stage-1,"01 Learn the foundations From the first executable to ownership, data modeling, and a working event counter. 8 lessons ↗",div,200,https://rust.robertdevore.com/course/,0,valid,,
baseline,https://rust.robertdevore.com/,https://rust.robertdevore.com/course/#stage-2,"02 Build reliable programs Borrowed interfaces, purposeful traits, bounded input, and tests that matter. 6 lessons ↗",div,200,https://rust.robertdevore.com/course/,0,valid,,
baseline,https://rust.robertdevore.com/,https://rust.robertdevore.com/course/#stage-3,"03 Understand concurrent work Shared state, threads, synchronization, futures, and the runtime underneath async. 6 lessons ↗",div,200,https://rust.robertdevore.com/course/,0,valid,,
baseline,https://rust.robertdevore.com/,https://rust.robertdevore.com/course/#stage-4,"04 Reason about the boundaries Pinning, unsafe invariants, performance evidence, and the Rust being developed today. 6 lessons ↗",div,200,https://rust.robertdevore.com/course/,0,valid,,
baseline,https://rust.robertdevore.com/,https://rust.robertdevore.com/course/#stage-5,"05 Ship and maintain Install the finished tool, review its contracts, and build a sustainable release workflow. 2 lessons ↗",div,200,https://rust.robertdevore.com/course/,0,valid,,
baseline,https://rust.robertdevore.com/,https://rust.robertdevore.com/course/27-capstone/,Meet the capstone →,div,200,https://rust.robertdevore.com/course/27-capstone/,0,valid,,
baseline,https://rust.robertdevore.com/,https://rust.robertdevore.com/course/01-start/,Begin lesson 01 →,section,200,https://rust.robertdevore.com/course/01-start/,0,valid,,
baseline,https://rust.robertdevore.com/,https://rust.robertdevore.com/,R_ / Rust Course,footer,200,https://rust.robertdevore.com/,0,valid,,
baseline,https://rust.robertdevore.com/,https://rust.robertdevore.com/about/#technical-freshness,"Verified September 6, 2026",div,200,https://rust.robertdevore.com/about/,0,valid,,
baseline,https://rust.robertdevore.com/,https://rust.robertdevore.com/sitemap.xml,Sitemap,div,200,https://rust.robertdevore.com/sitemap.xml,0,valid,,
baseline,https://rust.robertdevore.com/course/,https://rust.robertdevore.com/course/#main,Skip to content,body,200,https://rust.robertdevore.com/course/,0,valid,,
baseline,https://rust.robertdevore.com/course/,https://rust.robertdevore.com/,Rust / the practical course,header,200,https://rust.robertdevore.com/,0,valid,,
baseline,https://rust.robertdevore.com/course/,https://rust.robertdevore.com/course/,Curriculum,nav,200,https://rust.robertdevore.com/course/,0,valid,,
baseline,https://rust.robertdevore.com/course/,https://rust.robertdevore.com/practice/,Practice,nav,200,https://rust.robertdevore.com/practice/,0,valid,,
baseline,https://rust.robertdevore.com/course/,https://rust.robertdevore.com/about/,About,nav,200,https://rust.robertdevore.com/about/,0,valid,,
baseline,https://rust.robertdevore.com/course/,https://rust.robertdevore.com/course/01-start/,"01 Set up your Rust workshop Install a reproducible toolchain, read a Cargo project, and make the first edit. 35 min · Read, run, practice ↗",div,200,https://rust.robertdevore.com/course/01-start/,0,valid,,
baseline,https://rust.robertdevore.com/course/,https://rust.robertdevore.com/course/02-values/,"02 Values, functions, and control flow Express decisions with types, functions, matching, and explicit numeric boundaries. 45 min · Read, run, practice ↗",div,200,https://rust.robertdevore.com/course/02-values/,0,valid,,
baseline,https://rust.robertdevore.com/course/,https://rust.robertdevore.com/course/03-ownership/,"03 Ownership, places, and moves Track who owns a value and why passing it can make its old location unavailable. 55 min · Read, run, practice ↗",div,200,https://rust.robertdevore.com/course/03-ownership/,0,valid,,
baseline,https://rust.robertdevore.com/course/,https://rust.robertdevore.com/course/04-borrowing/,"04 Borrowing and reborrowing Reason about permitted access over time instead of treating references as spare owners. 55 min · Read, run, practice ↗",div,200,https://rust.robertdevore.com/course/04-borrowing/,0,valid,,
baseline,https://rust.robertdevore.com/course/,https://rust.robertdevore.com/course/05-text/,"05 Strings, slices, and collections Use UTF-8 deliberately and choose ownership at collection boundaries. 45 min · Read, run, practice ↗",div,200,https://rust.robertdevore.com/course/05-text/,0,valid,,
baseline,https://rust.robertdevore.com/course/,https://rust.robertdevore.com/course/06-model/,"06 Structs, enums, and useful states Make domain distinctions visible without building an elaborate type architecture. 45 min · Read, run, practice ↗",div,200,https://rust.robertdevore.com/course/06-model/,0,valid,,
baseline,https://rust.robertdevore.com/course/,https://rust.robertdevore.com/course/07-errors/,"07 Errors as part of the interface Distinguish malformed input, missing values, broken assumptions, and operational failure. 50 min · Read, run, practice ↗",div,200,https://rust.robertdevore.com/course/07-errors/,0,valid,,
baseline,https://rust.robertdevore.com/course/,https://rust.robertdevore.com/course/08-first-build/,"08 Stage build: the first event counter Combine control flow and borrowed text into a small working program. 70 min · Read, run, practice ↗",div,200,https://rust.robertdevore.com/course/08-first-build/,0,valid,,
baseline,https://rust.robertdevore.com/course/,https://rust.robertdevore.com/course/09-lifetimes/,"09 Lifetimes describe relationships Design borrowed results without pretending annotations extend storage. 55 min · Read, run, practice ↗",div,200,https://rust.robertdevore.com/course/09-lifetimes/,0,valid,,
baseline,https://rust.robertdevore.com/course/,https://rust.robertdevore.com/course/10-traits/,"10 Traits where abstraction earns its place Use standard interfaces, associated types, and dispatch intentionally. 55 min · Read, run, practice ↗",div,200,https://rust.robertdevore.com/course/10-traits/,0,valid,,
baseline,https://rust.robertdevore.com/course/,https://rust.robertdevore.com/course/11-iterators/,"11 Iterators and closures without hidden ownership Read item types, captures, laziness, and short-circuiting results. 45 min · Read, run, practice ↗",div,200,https://rust.robertdevore.com/course/11-iterators/,0,valid,,
baseline,https://rust.robertdevore.com/course/,https://rust.robertdevore.com/course/12-reader/,"12 Stage build: a bounded streaming library Separate parsing from I/O and enforce memory limits before input grows. 90 min · Read, run, practice ↗",div,200,https://rust.robertdevore.com/course/12-reader/,0,valid,,
baseline,https://rust.robertdevore.com/course/,https://rust.robertdevore.com/course/13-cargo/,"13 Cargo, modules, and dependency boundaries Read the actual workspace, feature graph, lockfile, and release configuration. 55 min · Read, run, practice ↗",div,200,https://rust.robertdevore.com/course/13-cargo/,0,valid,,
baseline,https://rust.robertdevore.com/course/,https://rust.robertdevore.com/course/14-testing/,"14 Tests, diagnostics, and complementary tools Test contracts and failures, and use compiler output without inventing it. 60 min · Read, run, practice ↗",div,200,https://rust.robertdevore.com/course/14-testing/,0,valid,,
baseline,https://rust.robertdevore.com/course/,https://rust.robertdevore.com/course/15-interior/,"15 Interior mutability and shared ownership Distinguish reference counts, runtime borrowing, and synchronization. 50 min · Read, run, practice ↗",div,200,https://rust.robertdevore.com/course/15-interior/,0,valid,,
baseline,https://rust.robertdevore.com/course/,https://rust.robertdevore.com/course/16-threads/,"16 Threads, Send, and Sync Transfer or borrow work safely while keeping completion and failure explicit. 55 min · Read, run, practice ↗",div,200,https://rust.robertdevore.com/course/16-threads/,0,valid,,
baseline,https://rust.robertdevore.com/course/,https://rust.robertdevore.com/course/17-synchronization/,"17 Channels, locks, and shutdown Choose ownership transfer or shared state, and reason about waiting. 55 min · Read, run, practice ↗",div,200,https://rust.robertdevore.com/course/17-synchronization/,0,valid,,
baseline,https://rust.robertdevore.com/course/,https://rust.robertdevore.com/course/18-atomics/,"18 Atomics and memory ordering Separate an indivisible counter update from publication of other data. 60 min · Read, run, practice ↗",div,200,https://rust.robertdevore.com/course/18-atomics/,0,valid,,
baseline,https://rust.robertdevore.com/course/,https://rust.robertdevore.com/course/19-futures/,"19 Futures before runtimes Understand polling, wakeups, state machines, and what await does not promise. 55 min · Read, run, practice ↗",div,200,https://rust.robertdevore.com/course/19-futures/,0,valid,,
baseline,https://rust.robertdevore.com/course/,https://rust.robertdevore.com/course/20-async/,"20 Tokio tasks, blocking, and cancellation Use a runtime with bounded queues, explicit task results, and deliberate shutdown. 70 min · Read, run, practice ↗",div,200,https://rust.robertdevore.com/course/20-async/,0,valid,,
baseline,https://rust.robertdevore.com/course/,https://rust.robertdevore.com/course/21-pin/,"21 Pin and async trait boundaries Understand address-sensitive values and stable alternatives to native async dyn dispatch. 65 min · Read, run, practice ↗",div,200,https://rust.robertdevore.com/course/21-pin/,0,valid,,
baseline,https://rust.robertdevore.com/course/,https://rust.robertdevore.com/course/22-async-build/,"22 Stage build: an async ingestion pipeline Keep one owner of the aggregate while producers hand over bounded work. 80 min · Read, run, practice ↗",div,200,https://rust.robertdevore.com/course/22-async-build/,0,valid,,
baseline,https://rust.robertdevore.com/course/,https://rust.robertdevore.com/course/23-unsafe/,"23 Unsafe boundaries and soundness Audit one small abstraction with explicit invariants, edge cases, and Miri. 85 min · Read, run, practice ↗",div,200,https://rust.robertdevore.com/course/23-unsafe/,0,valid,,
baseline,https://rust.robertdevore.com/course/,https://rust.robertdevore.com/course/24-performance/,"24 Measure performance and resource use Build a reproducible experiment before changing allocation, dispatch, or build profiles. 60 min · Read, run, practice ↗",div,200,https://rust.robertdevore.com/course/24-performance/,0,valid,,
baseline,https://rust.robertdevore.com/course/,https://rust.robertdevore.com/course/25-horizon/,"25 Stable Rust and the horizon Read current initiatives without turning goals, experiments, or compiler limitations into stable promises. 60 min · Read, run, practice ↗",div,200,https://rust.robertdevore.com/course/25-horizon/,0,valid,,
baseline,https://rust.robertdevore.com/course/,https://rust.robertdevore.com/course/26-interop/,"26 FFI, serialization, and public contracts Design boundaries where Rust types alone cannot validate the other side. 55 min · Read, run, practice ↗",div,200,https://rust.robertdevore.com/course/26-interop/,0,valid,,
baseline,https://rust.robertdevore.com/course/,https://rust.robertdevore.com/course/27-capstone/,"27 Capstone: ship Fieldnotes Assemble the tested parser and bounded reader into an installable command-line product. 150 min · Read, run, practice ↗",div,200,https://rust.robertdevore.com/course/27-capstone/,0,valid,,
baseline,https://rust.robertdevore.com/course/,https://rust.robertdevore.com/course/28-release/,"28 Release, maintain, and keep learning Review a public API, reproduce a release, and maintain the course's evidence. 60 min · Read, run, practice ↗",div,200,https://rust.robertdevore.com/course/28-release/,0,valid,,
baseline,https://rust.robertdevore.com/course/,https://rust.robertdevore.com/,R_ / Rust Course,footer,200,https://rust.robertdevore.com/,0,valid,,
baseline,https://rust.robertdevore.com/course/,https://rust.robertdevore.com/about/#technical-freshness,"Verified September 6, 2026",div,200,https://rust.robertdevore.com/about/,0,valid,,
baseline,https://rust.robertdevore.com/course/,https://rust.robertdevore.com/sitemap.xml,Sitemap,div,200,https://rust.robertdevore.com/sitemap.xml,0,valid,,
baseline,https://rust.robertdevore.com/course/01-start/,https://rust.robertdevore.com/course/01-start/#main,Skip to content,body,200,https://rust.robertdevore.com/course/01-start/,0,valid,,
baseline,https://rust.robertdevore.com/course/01-start/,https://rust.robertdevore.com/,Rust / the practical course,header,200,https://rust.robertdevore.com/,0,valid,,
baseline,https://rust.robertdevore.com/course/01-start/,https://rust.robertdevore.com/course/,Curriculum,nav,200,https://rust.robertdevore.com/course/,0,valid,,
baseline,https://rust.robertdevore.com/course/01-start/,https://rust.robertdevore.com/practice/,Practice,nav,200,https://rust.robertdevore.com/practice/,0,valid,,
baseline,https://rust.robertdevore.com/course/01-start/,https://rust.robertdevore.com/about/,About,nav,200,https://rust.robertdevore.com/about/,0,valid,,
baseline,https://rust.robertdevore.com/course/01-start/,https://rust.robertdevore.com/course/,← All lessons,aside,200,https://rust.robertdevore.com/course/,0,valid,,
baseline,https://rust.robertdevore.com/course/01-start/,https://rust.robertdevore.com/course/01-start/,01 Set up your Rust workshop,li,200,https://rust.robertdevore.com/course/01-start/,0,valid,,
baseline,https://rust.robertdevore.com/course/01-start/,https://rust.robertdevore.com/course/02-values/,"02 Values, functions, and control flow",li,200,https://rust.robertdevore.com/course/02-values/,0,valid,,
baseline,https://rust.robertdevore.com/course/01-start/,https://rust.robertdevore.com/course/03-ownership/,"03 Ownership, places, and moves",li,200,https://rust.robertdevore.com/course/03-ownership/,0,valid,,
baseline,https://rust.robertdevore.com/course/01-start/,https://rust.robertdevore.com/course/04-borrowing/,04 Borrowing and reborrowing,li,200,https://rust.robertdevore.com/course/04-borrowing/,0,valid,,
baseline,https://rust.robertdevore.com/course/01-start/,https://rust.robertdevore.com/course/05-text/,"05 Strings, slices, and collections",li,200,https://rust.robertdevore.com/course/05-text/,0,valid,,
baseline,https://rust.robertdevore.com/course/01-start/,https://rust.robertdevore.com/course/06-model/,"06 Structs, enums, and useful states",li,200,https://rust.robertdevore.com/course/06-model/,0,valid,,
baseline,https://rust.robertdevore.com/course/01-start/,https://rust.robertdevore.com/course/07-errors/,07 Errors as part of the interface,li,200,https://rust.robertdevore.com/course/07-errors/,0,valid,,
baseline,https://rust.robertdevore.com/course/01-start/,https://rust.robertdevore.com/course/08-first-build/,08 Stage build: the first event counter,li,200,https://rust.robertdevore.com/course/08-first-build/,0,valid,,
baseline,https://rust.robertdevore.com/course/01-start/,https://rust.robertdevore.com/course/09-lifetimes/,09 Lifetimes describe relationships,li,200,https://rust.robertdevore.com/course/09-lifetimes/,0,valid,,
baseline,https://rust.robertdevore.com/course/01-start/,https://rust.robertdevore.com/course/10-traits/,10 Traits where abstraction earns its place,li,200,https://rust.robertdevore.com/course/10-traits/,0,valid,,
baseline,https://rust.robertdevore.com/course/01-start/,https://rust.robertdevore.com/course/11-iterators/,11 Iterators and closures without hidden ownership,li,200,https://rust.robertdevore.com/course/11-iterators/,0,valid,,
baseline,https://rust.robertdevore.com/course/01-start/,https://rust.robertdevore.com/course/12-reader/,12 Stage build: a bounded streaming library,li,200,https://rust.robertdevore.com/course/12-reader/,0,valid,,
baseline,https://rust.robertdevore.com/course/01-start/,https://rust.robertdevore.com/course/13-cargo/,"13 Cargo, modules, and dependency boundaries",li,200,https://rust.robertdevore.com/course/13-cargo/,0,valid,,
baseline,https://rust.robertdevore.com/course/01-start/,https://rust.robertdevore.com/course/14-testing/,"14 Tests, diagnostics, and complementary tools",li,200,https://rust.robertdevore.com/course/14-testing/,0,valid,,
baseline,https://rust.robertdevore.com/course/01-start/,https://rust.robertdevore.com/course/15-interior/,15 Interior mutability and shared ownership,li,200,https://rust.robertdevore.com/course/15-interior/,0,valid,,
baseline,https://rust.robertdevore.com/course/01-start/,https://rust.robertdevore.com/course/16-threads/,"16 Threads, Send, and Sync",li,200,https://rust.robertdevore.com/course/16-threads/,0,valid,,
baseline,https://rust.robertdevore.com/course/01-start/,https://rust.robertdevore.com/course/17-synchronization/,"17 Channels, locks, and shutdown",li,200,https://rust.robertdevore.com/course/17-synchronization/,0,valid,,
baseline,https://rust.robertdevore.com/course/01-start/,https://rust.robertdevore.com/course/18-atomics/,18 Atomics and memory ordering,li,200,https://rust.robertdevore.com/course/18-atomics/,0,valid,,
baseline,https://rust.robertdevore.com/course/01-start/,https://rust.robertdevore.com/course/19-futures/,19 Futures before runtimes,li,200,https://rust.robertdevore.com/course/19-futures/,0,valid,,
baseline,https://rust.robertdevore.com/course/01-start/,https://rust.robertdevore.com/course/20-async/,"20 Tokio tasks, blocking, and cancellation",li,200,https://rust.robertdevore.com/course/20-async/,0,valid,,
baseline,https://rust.robertdevore.com/course/01-start/,https://rust.robertdevore.com/course/21-pin/,21 Pin and async trait boundaries,li,200,https://rust.robertdevore.com/course/21-pin/,0,valid,,
baseline,https://rust.robertdevore.com/course/01-start/,https://rust.robertdevore.com/course/22-async-build/,22 Stage build: an async ingestion pipeline,li,200,https://rust.robertdevore.com/course/22-async-build/,0,valid,,
baseline,https://rust.robertdevore.com/course/01-start/,https://rust.robertdevore.com/course/23-unsafe/,23 Unsafe boundaries and soundness,li,200,https://rust.robertdevore.com/course/23-unsafe/,0,valid,,
baseline,https://rust.robertdevore.com/course/01-start/,https://rust.robertdevore.com/course/24-performance/,24 Measure performance and resource use,li,200,https://rust.robertdevore.com/course/24-performance/,0,valid,,
baseline,https://rust.robertdevore.com/course/01-start/,https://rust.robertdevore.com/course/25-horizon/,25 Stable Rust and the horizon,li,200,https://rust.robertdevore.com/course/25-horizon/,0,valid,,
baseline,https://rust.robertdevore.com/course/01-start/,https://rust.robertdevore.com/course/26-interop/,"26 FFI, serialization, and public contracts",li,200,https://rust.robertdevore.com/course/26-interop/,0,valid,,
baseline,https://rust.robertdevore.com/course/01-start/,https://rust.robertdevore.com/course/27-capstone/,27 Capstone: ship Fieldnotes,li,200,https://rust.robertdevore.com/course/27-capstone/,0,valid,,
baseline,https://rust.robertdevore.com/course/01-start/,https://rust.robertdevore.com/course/28-release/,"28 Release, maintain, and keep learning",li,200,https://rust.robertdevore.com/course/28-release/,0,valid,,
baseline,https://rust.robertdevore.com/course/01-start/,https://rust.robertdevore.com/course/,Course,div,200,https://rust.robertdevore.com/course/,0,valid,,
baseline,https://rust.robertdevore.com/course/01-start/,https://rust.robertdevore.com/course/02-values/,"Next lesson → Values, functions, and control flow",nav,200,https://rust.robertdevore.com/course/02-values/,0,valid,,
baseline,https://rust.robertdevore.com/course/01-start/,https://rust.robertdevore.com/course/01-start/#the-work-you-will-build,The work you will build,nav,200,https://rust.robertdevore.com/course/01-start/,0,valid,,
baseline,https://rust.robertdevore.com/course/01-start/,https://rust.robertdevore.com/course/01-start/#install-and-locate-the-tools,Install and locate the tools,nav,200,https://rust.robertdevore.com/course/01-start/,0,valid,,
baseline,https://rust.robertdevore.com/course/01-start/,https://rust.robertdevore.com/course/01-start/#read-the-project-before-editing,Read the project before editing,nav,200,https://rust.robertdevore.com/course/01-start/,0,valid,,
baseline,https://rust.robertdevore.com/course/01-start/,https://rust.robertdevore.com/course/01-start/#exercise,Exercise,nav,200,https://rust.robertdevore.com/course/01-start/,0,valid,,
baseline,https://rust.robertdevore.com/course/01-start/,https://rust.robertdevore.com/course/01-start/#check-your-understanding,Check your understanding,nav,200,https://rust.robertdevore.com/course/01-start/,0,valid,,
baseline,https://rust.robertdevore.com/course/01-start/,https://rust.robertdevore.com/,R_ / Rust Course,footer,200,https://rust.robertdevore.com/,0,valid,,
baseline,https://rust.robertdevore.com/course/01-start/,https://rust.robertdevore.com/about/#technical-freshness,"Verified September 6, 2026",div,200,https://rust.robertdevore.com/about/,0,valid,,
baseline,https://rust.robertdevore.com/course/01-start/,https://rust.robertdevore.com/sitemap.xml,Sitemap,div,200,https://rust.robertdevore.com/sitemap.xml,0,valid,,
baseline,https://rust.robertdevore.com/course/02-values/,https://rust.robertdevore.com/course/02-values/#main,Skip to content,body,200,https://rust.robertdevore.com/course/02-values/,0,valid,,
baseline,https://rust.robertdevore.com/course/02-values/,https://rust.robertdevore.com/,Rust / the practical course,header,200,https://rust.robertdevore.com/,0,valid,,
baseline,https://rust.robertdevore.com/course/02-values/,https://rust.robertdevore.com/course/,Curriculum,nav,200,https://rust.robertdevore.com/course/,0,valid,,
baseline,https://rust.robertdevore.com/course/02-values/,https://rust.robertdevore.com/practice/,Practice,nav,200,https://rust.robertdevore.com/practice/,0,valid,,
baseline,https://rust.robertdevore.com/course/02-values/,https://rust.robertdevore.com/about/,About,nav,200,https://rust.robertdevore.com/about/,0,valid,,
baseline,https://rust.robertdevore.com/course/02-values/,https://rust.robertdevore.com/course/,← All lessons,aside,200,https://rust.robertdevore.com/course/,0,valid,,
baseline,https://rust.robertdevore.com/course/02-values/,https://rust.robertdevore.com/course/01-start/,01 Set up your Rust workshop,li,200,https://rust.robertdevore.com/course/01-start/,0,valid,,
baseline,https://rust.robertdevore.com/course/02-values/,https://rust.robertdevore.com/course/02-values/,"02 Values, functions, and control flow",li,200,https://rust.robertdevore.com/course/02-values/,0,valid,,
baseline,https://rust.robertdevore.com/course/02-values/,https://rust.robertdevore.com/course/03-ownership/,"03 Ownership, places, and moves",li,200,https://rust.robertdevore.com/course/03-ownership/,0,valid,,
baseline,https://rust.robertdevore.com/course/02-values/,https://rust.robertdevore.com/course/04-borrowing/,04 Borrowing and reborrowing,li,200,https://rust.robertdevore.com/course/04-borrowing/,0,valid,,
baseline,https://rust.robertdevore.com/course/02-values/,https://rust.robertdevore.com/course/05-text/,"05 Strings, slices, and collections",li,200,https://rust.robertdevore.com/course/05-text/,0,valid,,
baseline,https://rust.robertdevore.com/course/02-values/,https://rust.robertdevore.com/course/06-model/,"06 Structs, enums, and useful states",li,200,https://rust.robertdevore.com/course/06-model/,0,valid,,
baseline,https://rust.robertdevore.com/course/02-values/,https://rust.robertdevore.com/course/07-errors/,07 Errors as part of the interface,li,200,https://rust.robertdevore.com/course/07-errors/,0,valid,,
baseline,https://rust.robertdevore.com/course/02-values/,https://rust.robertdevore.com/course/08-first-build/,08 Stage build: the first event counter,li,200,https://rust.robertdevore.com/course/08-first-build/,0,valid,,
baseline,https://rust.robertdevore.com/course/02-values/,https://rust.robertdevore.com/course/09-lifetimes/,09 Lifetimes describe relationships,li,200,https://rust.robertdevore.com/course/09-lifetimes/,0,valid,,
baseline,https://rust.robertdevore.com/course/02-values/,https://rust.robertdevore.com/course/10-traits/,10 Traits where abstraction earns its place,li,200,https://rust.robertdevore.com/course/10-traits/,0,valid,,
baseline,https://rust.robertdevore.com/course/02-values/,https://rust.robertdevore.com/course/11-iterators/,11 Iterators and closures without hidden ownership,li,200,https://rust.robertdevore.com/course/11-iterators/,0,valid,,
baseline,https://rust.robertdevore.com/course/02-values/,https://rust.robertdevore.com/course/12-reader/,12 Stage build: a bounded streaming library,li,200,https://rust.robertdevore.com/course/12-reader/,0,valid,,
baseline,https://rust.robertdevore.com/course/02-values/,https://rust.robertdevore.com/course/13-cargo/,"13 Cargo, modules, and dependency boundaries",li,200,https://rust.robertdevore.com/course/13-cargo/,0,valid,,
baseline,https://rust.robertdevore.com/course/02-values/,https://rust.robertdevore.com/course/14-testing/,"14 Tests, diagnostics, and complementary tools",li,200,https://rust.robertdevore.com/course/14-testing/,0,valid,,
baseline,https://rust.robertdevore.com/course/02-values/,https://rust.robertdevore.com/course/15-interior/,15 Interior mutability and shared ownership,li,200,https://rust.robertdevore.com/course/15-interior/,0,valid,,
baseline,https://rust.robertdevore.com/course/02-values/,https://rust.robertdevore.com/course/16-threads/,"16 Threads, Send, and Sync",li,200,https://rust.robertdevore.com/course/16-threads/,0,valid,,
baseline,https://rust.robertdevore.com/course/02-values/,https://rust.robertdevore.com/course/17-synchronization/,"17 Channels, locks, and shutdown",li,200,https://rust.robertdevore.com/course/17-synchronization/,0,valid,,
baseline,https://rust.robertdevore.com/course/02-values/,https://rust.robertdevore.com/course/18-atomics/,18 Atomics and memory ordering,li,200,https://rust.robertdevore.com/course/18-atomics/,0,valid,,
baseline,https://rust.robertdevore.com/course/02-values/,https://rust.robertdevore.com/course/19-futures/,19 Futures before runtimes,li,200,https://rust.robertdevore.com/course/19-futures/,0,valid,,
baseline,https://rust.robertdevore.com/course/02-values/,https://rust.robertdevore.com/course/20-async/,"20 Tokio tasks, blocking, and cancellation",li,200,https://rust.robertdevore.com/course/20-async/,0,valid,,
baseline,https://rust.robertdevore.com/course/02-values/,https://rust.robertdevore.com/course/21-pin/,21 Pin and async trait boundaries,li,200,https://rust.robertdevore.com/course/21-pin/,0,valid,,
baseline,https://rust.robertdevore.com/course/02-values/,https://rust.robertdevore.com/course/22-async-build/,22 Stage build: an async ingestion pipeline,li,200,https://rust.robertdevore.com/course/22-async-build/,0,valid,,
baseline,https://rust.robertdevore.com/course/02-values/,https://rust.robertdevore.com/course/23-unsafe/,23 Unsafe boundaries and soundness,li,200,https://rust.robertdevore.com/course/23-unsafe/,0,valid,,
baseline,https://rust.robertdevore.com/course/02-values/,https://rust.robertdevore.com/course/24-performance/,24 Measure performance and resource use,li,200,https://rust.robertdevore.com/course/24-performance/,0,valid,,
baseline,https://rust.robertdevore.com/course/02-values/,https://rust.robertdevore.com/course/25-horizon/,25 Stable Rust and the horizon,li,200,https://rust.robertdevore.com/course/25-horizon/,0,valid,,
baseline,https://rust.robertdevore.com/course/02-values/,https://rust.robertdevore.com/course/26-interop/,"26 FFI, serialization, and public contracts",li,200,https://rust.robertdevore.com/course/26-interop/,0,valid,,
baseline,https://rust.robertdevore.com/course/02-values/,https://rust.robertdevore.com/course/27-capstone/,27 Capstone: ship Fieldnotes,li,200,https://rust.robertdevore.com/course/27-capstone/,0,valid,,
baseline,https://rust.robertdevore.com/course/02-values/,https://rust.robertdevore.com/course/28-release/,"28 Release, maintain, and keep learning",li,200,https://rust.robertdevore.com/course/28-release/,0,valid,,
baseline,https://rust.robertdevore.com/course/02-values/,https://rust.robertdevore.com/course/,Course,div,200,https://rust.robertdevore.com/course/,0,valid,,
baseline,https://rust.robertdevore.com/course/02-values/,https://rust.robertdevore.com/course/01-start/,← Previous lesson Set up your Rust workshop,nav,200,https://rust.robertdevore.com/course/01-start/,0,valid,,
baseline,https://rust.robertdevore.com/course/02-values/,https://rust.robertdevore.com/course/03-ownership/,"Next lesson → Ownership, places, and moves",nav,200,https://rust.robertdevore.com/course/03-ownership/,0,valid,,
baseline,https://rust.robertdevore.com/course/02-values/,https://rust.robertdevore.com/course/02-values/#start-with-a-question-the-program-answers,Start with a question the program answers,nav,200,https://rust.robertdevore.com/course/02-values/,0,valid,,
baseline,https://rust.robertdevore.com/course/02-values/,https://rust.robertdevore.com/course/02-values/#bindings-and-changes,Bindings and changes,nav,200,https://rust.robertdevore.com/course/02-values/,0,valid,,
baseline,https://rust.robertdevore.com/course/02-values/,https://rust.robertdevore.com/course/02-values/#choose-a-numeric-policy,Choose a numeric policy,nav,200,https://rust.robertdevore.com/course/02-values/,0,valid,,
baseline,https://rust.robertdevore.com/course/02-values/,https://rust.robertdevore.com/course/02-values/#exercise,Exercise,nav,200,https://rust.robertdevore.com/course/02-values/,0,valid,,
baseline,https://rust.robertdevore.com/course/02-values/,https://rust.robertdevore.com/,R_ / Rust Course,footer,200,https://rust.robertdevore.com/,0,valid,,
baseline,https://rust.robertdevore.com/course/02-values/,https://rust.robertdevore.com/about/#technical-freshness,"Verified September 6, 2026",div,200,https://rust.robertdevore.com/about/,0,valid,,
baseline,https://rust.robertdevore.com/course/02-values/,https://rust.robertdevore.com/sitemap.xml,Sitemap,div,200,https://rust.robertdevore.com/sitemap.xml,0,valid,,
baseline,https://rust.robertdevore.com/course/03-ownership/,https://rust.robertdevore.com/course/03-ownership/#main,Skip to content,body,200,https://rust.robertdevore.com/course/03-ownership/,0,valid,,
baseline,https://rust.robertdevore.com/course/03-ownership/,https://rust.robertdevore.com/,Rust / the practical course,header,200,https://rust.robertdevore.com/,0,valid,,
baseline,https://rust.robertdevore.com/course/03-ownership/,https://rust.robertdevore.com/course/,Curriculum,nav,200,https://rust.robertdevore.com/course/,0,valid,,
baseline,https://rust.robertdevore.com/course/03-ownership/,https://rust.robertdevore.com/practice/,Practice,nav,200,https://rust.robertdevore.com/practice/,0,valid,,
baseline,https://rust.robertdevore.com/course/03-ownership/,https://rust.robertdevore.com/about/,About,nav,200,https://rust.robertdevore.com/about/,0,valid,,
baseline,https://rust.robertdevore.com/course/03-ownership/,https://rust.robertdevore.com/course/,← All lessons,aside,200,https://rust.robertdevore.com/course/,0,valid,,
baseline,https://rust.robertdevore.com/course/03-ownership/,https://rust.robertdevore.com/course/01-start/,01 Set up your Rust workshop,li,200,https://rust.robertdevore.com/course/01-start/,0,valid,,
baseline,https://rust.robertdevore.com/course/03-ownership/,https://rust.robertdevore.com/course/02-values/,"02 Values, functions, and control flow",li,200,https://rust.robertdevore.com/course/02-values/,0,valid,,
baseline,https://rust.robertdevore.com/course/03-ownership/,https://rust.robertdevore.com/course/03-ownership/,"03 Ownership, places, and moves",li,200,https://rust.robertdevore.com/course/03-ownership/,0,valid,,
baseline,https://rust.robertdevore.com/course/03-ownership/,https://rust.robertdevore.com/course/04-borrowing/,04 Borrowing and reborrowing,li,200,https://rust.robertdevore.com/course/04-borrowing/,0,valid,,
baseline,https://rust.robertdevore.com/course/03-ownership/,https://rust.robertdevore.com/course/05-text/,"05 Strings, slices, and collections",li,200,https://rust.robertdevore.com/course/05-text/,0,valid,,
baseline,https://rust.robertdevore.com/course/03-ownership/,https://rust.robertdevore.com/course/06-model/,"06 Structs, enums, and useful states",li,200,https://rust.robertdevore.com/course/06-model/,0,valid,,
baseline,https://rust.robertdevore.com/course/03-ownership/,https://rust.robertdevore.com/course/07-errors/,07 Errors as part of the interface,li,200,https://rust.robertdevore.com/course/07-errors/,0,valid,,
baseline,https://rust.robertdevore.com/course/03-ownership/,https://rust.robertdevore.com/course/08-first-build/,08 Stage build: the first event counter,li,200,https://rust.robertdevore.com/course/08-first-build/,0,valid,,
baseline,https://rust.robertdevore.com/course/03-ownership/,https://rust.robertdevore.com/course/09-lifetimes/,09 Lifetimes describe relationships,li,200,https://rust.robertdevore.com/course/09-lifetimes/,0,valid,,
baseline,https://rust.robertdevore.com/course/03-ownership/,https://rust.robertdevore.com/course/10-traits/,10 Traits where abstraction earns its place,li,200,https://rust.robertdevore.com/course/10-traits/,0,valid,,
baseline,https://rust.robertdevore.com/course/03-ownership/,https://rust.robertdevore.com/course/11-iterators/,11 Iterators and closures without hidden ownership,li,200,https://rust.robertdevore.com/course/11-iterators/,0,valid,,
baseline,https://rust.robertdevore.com/course/03-ownership/,https://rust.robertdevore.com/course/12-reader/,12 Stage build: a bounded streaming library,li,200,https://rust.robertdevore.com/course/12-reader/,0,valid,,
baseline,https://rust.robertdevore.com/course/03-ownership/,https://rust.robertdevore.com/course/13-cargo/,"13 Cargo, modules, and dependency boundaries",li,200,https://rust.robertdevore.com/course/13-cargo/,0,valid,,
baseline,https://rust.robertdevore.com/course/03-ownership/,https://rust.robertdevore.com/course/14-testing/,"14 Tests, diagnostics, and complementary tools",li,200,https://rust.robertdevore.com/course/14-testing/,0,valid,,
baseline,https://rust.robertdevore.com/course/03-ownership/,https://rust.robertdevore.com/course/15-interior/,15 Interior mutability and shared ownership,li,200,https://rust.robertdevore.com/course/15-interior/,0,valid,,
baseline,https://rust.robertdevore.com/course/03-ownership/,https://rust.robertdevore.com/course/16-threads/,"16 Threads, Send, and Sync",li,200,https://rust.robertdevore.com/course/16-threads/,0,valid,,
baseline,https://rust.robertdevore.com/course/03-ownership/,https://rust.robertdevore.com/course/17-synchronization/,"17 Channels, locks, and shutdown",li,200,https://rust.robertdevore.com/course/17-synchronization/,0,valid,,
baseline,https://rust.robertdevore.com/course/03-ownership/,https://rust.robertdevore.com/course/18-atomics/,18 Atomics and memory ordering,li,200,https://rust.robertdevore.com/course/18-atomics/,0,valid,,
baseline,https://rust.robertdevore.com/course/03-ownership/,https://rust.robertdevore.com/course/19-futures/,19 Futures before runtimes,li,200,https://rust.robertdevore.com/course/19-futures/,0,valid,,
baseline,https://rust.robertdevore.com/course/03-ownership/,https://rust.robertdevore.com/course/20-async/,"20 Tokio tasks, blocking, and cancellation",li,200,https://rust.robertdevore.com/course/20-async/,0,valid,,
baseline,https://rust.robertdevore.com/course/03-ownership/,https://rust.robertdevore.com/course/21-pin/,21 Pin and async trait boundaries,li,200,https://rust.robertdevore.com/course/21-pin/,0,valid,,
baseline,https://rust.robertdevore.com/course/03-ownership/,https://rust.robertdevore.com/course/22-async-build/,22 Stage build: an async ingestion pipeline,li,200,https://rust.robertdevore.com/course/22-async-build/,0,valid,,
baseline,https://rust.robertdevore.com/course/03-ownership/,https://rust.robertdevore.com/course/23-unsafe/,23 Unsafe boundaries and soundness,li,200,https://rust.robertdevore.com/course/23-unsafe/,0,valid,,
baseline,https://rust.robertdevore.com/course/03-ownership/,https://rust.robertdevore.com/course/24-performance/,24 Measure performance and resource use,li,200,https://rust.robertdevore.com/course/24-performance/,0,valid,,
baseline,https://rust.robertdevore.com/course/03-ownership/,https://rust.robertdevore.com/course/25-horizon/,25 Stable Rust and the horizon,li,200,https://rust.robertdevore.com/course/25-horizon/,0,valid,,
baseline,https://rust.robertdevore.com/course/03-ownership/,https://rust.robertdevore.com/course/26-interop/,"26 FFI, serialization, and public contracts",li,200,https://rust.robertdevore.com/course/26-interop/,0,valid,,
baseline,https://rust.robertdevore.com/course/03-ownership/,https://rust.robertdevore.com/course/27-capstone/,27 Capstone: ship Fieldnotes,li,200,https://rust.robertdevore.com/course/27-capstone/,0,valid,,
baseline,https://rust.robertdevore.com/course/03-ownership/,https://rust.robertdevore.com/course/28-release/,"28 Release, maintain, and keep learning",li,200,https://rust.robertdevore.com/course/28-release/,0,valid,,
baseline,https://rust.robertdevore.com/course/03-ownership/,https://rust.robertdevore.com/course/,Course,div,200,https://rust.robertdevore.com/course/,0,valid,,
baseline,https://rust.robertdevore.com/course/03-ownership/,https://rust.robertdevore.com/course/02-values/,"← Previous lesson Values, functions, and control flow",nav,200,https://rust.robertdevore.com/course/02-values/,0,valid,,
baseline,https://rust.robertdevore.com/course/03-ownership/,https://rust.robertdevore.com/course/04-borrowing/,Next lesson → Borrowing and reborrowing,nav,200,https://rust.robertdevore.com/course/04-borrowing/,0,valid,,
baseline,https://rust.robertdevore.com/course/03-ownership/,https://rust.robertdevore.com/course/03-ownership/#a-value-and-the-place-holding-it,A value and the place holding it,nav,200,https://rust.robertdevore.com/course/03-ownership/,0,valid,,
baseline,https://rust.robertdevore.com/course/03-ownership/,https://rust.robertdevore.com/course/03-ownership/#copy-is-a-type-property,Copy is a type property,nav,200,https://rust.robertdevore.com/course/03-ownership/,0,valid,,
baseline,https://rust.robertdevore.com/course/03-ownership/,https://rust.robertdevore.com/course/03-ownership/#follow-destruction-not-just-allocation,"Follow destruction, not just allocation",nav,200,https://rust.robertdevore.com/course/03-ownership/,0,valid,,
baseline,https://rust.robertdevore.com/course/03-ownership/,https://rust.robertdevore.com/course/03-ownership/#compiler-drill,Compiler drill,nav,200,https://rust.robertdevore.com/course/03-ownership/,0,valid,,
baseline,https://rust.robertdevore.com/course/03-ownership/,https://rust.robertdevore.com/course/03-ownership/#exercise,Exercise,nav,200,https://rust.robertdevore.com/course/03-ownership/,0,valid,,
baseline,https://rust.robertdevore.com/course/03-ownership/,https://rust.robertdevore.com/,R_ / Rust Course,footer,200,https://rust.robertdevore.com/,0,valid,,
baseline,https://rust.robertdevore.com/course/03-ownership/,https://rust.robertdevore.com/about/#technical-freshness,"Verified September 6, 2026",div,200,https://rust.robertdevore.com/about/,0,valid,,
baseline,https://rust.robertdevore.com/course/03-ownership/,https://rust.robertdevore.com/sitemap.xml,Sitemap,div,200,https://rust.robertdevore.com/sitemap.xml,0,valid,,
baseline,https://rust.robertdevore.com/course/04-borrowing/,https://rust.robertdevore.com/course/04-borrowing/#main,Skip to content,body,200,https://rust.robertdevore.com/course/04-borrowing/,0,valid,,
baseline,https://rust.robertdevore.com/course/04-borrowing/,https://rust.robertdevore.com/,Rust / the practical course,header,200,https://rust.robertdevore.com/,0,valid,,
baseline,https://rust.robertdevore.com/course/04-borrowing/,https://rust.robertdevore.com/course/,Curriculum,nav,200,https://rust.robertdevore.com/course/,0,valid,,
baseline,https://rust.robertdevore.com/course/04-borrowing/,https://rust.robertdevore.com/practice/,Practice,nav,200,https://rust.robertdevore.com/practice/,0,valid,,
baseline,https://rust.robertdevore.com/course/04-borrowing/,https://rust.robertdevore.com/about/,About,nav,200,https://rust.robertdevore.com/about/,0,valid,,
baseline,https://rust.robertdevore.com/course/04-borrowing/,https://rust.robertdevore.com/course/,← All lessons,aside,200,https://rust.robertdevore.com/course/,0,valid,,
baseline,https://rust.robertdevore.com/course/04-borrowing/,https://rust.robertdevore.com/course/01-start/,01 Set up your Rust workshop,li,200,https://rust.robertdevore.com/course/01-start/,0,valid,,
baseline,https://rust.robertdevore.com/course/04-borrowing/,https://rust.robertdevore.com/course/02-values/,"02 Values, functions, and control flow",li,200,https://rust.robertdevore.com/course/02-values/,0,valid,,
baseline,https://rust.robertdevore.com/course/04-borrowing/,https://rust.robertdevore.com/course/03-ownership/,"03 Ownership, places, and moves",li,200,https://rust.robertdevore.com/course/03-ownership/,0,valid,,
baseline,https://rust.robertdevore.com/course/04-borrowing/,https://rust.robertdevore.com/course/04-borrowing/,04 Borrowing and reborrowing,li,200,https://rust.robertdevore.com/course/04-borrowing/,0,valid,,
baseline,https://rust.robertdevore.com/course/04-borrowing/,https://rust.robertdevore.com/course/05-text/,"05 Strings, slices, and collections",li,200,https://rust.robertdevore.com/course/05-text/,0,valid,,
baseline,https://rust.robertdevore.com/course/04-borrowing/,https://rust.robertdevore.com/course/06-model/,"06 Structs, enums, and useful states",li,200,https://rust.robertdevore.com/course/06-model/,0,valid,,
baseline,https://rust.robertdevore.com/course/04-borrowing/,https://rust.robertdevore.com/course/07-errors/,07 Errors as part of the interface,li,200,https://rust.robertdevore.com/course/07-errors/,0,valid,,
baseline,https://rust.robertdevore.com/course/04-borrowing/,https://rust.robertdevore.com/course/08-first-build/,08 Stage build: the first event counter,li,200,https://rust.robertdevore.com/course/08-first-build/,0,valid,,
baseline,https://rust.robertdevore.com/course/04-borrowing/,https://rust.robertdevore.com/course/09-lifetimes/,09 Lifetimes describe relationships,li,200,https://rust.robertdevore.com/course/09-lifetimes/,0,valid,,
baseline,https://rust.robertdevore.com/course/04-borrowing/,https://rust.robertdevore.com/course/10-traits/,10 Traits where abstraction earns its place,li,200,https://rust.robertdevore.com/course/10-traits/,0,valid,,
baseline,https://rust.robertdevore.com/course/04-borrowing/,https://rust.robertdevore.com/course/11-iterators/,11 Iterators and closures without hidden ownership,li,200,https://rust.robertdevore.com/course/11-iterators/,0,valid,,
baseline,https://rust.robertdevore.com/course/04-borrowing/,https://rust.robertdevore.com/course/12-reader/,12 Stage build: a bounded streaming library,li,200,https://rust.robertdevore.com/course/12-reader/,0,valid,,
baseline,https://rust.robertdevore.com/course/04-borrowing/,https://rust.robertdevore.com/course/13-cargo/,"13 Cargo, modules, and dependency boundaries",li,200,https://rust.robertdevore.com/course/13-cargo/,0,valid,,
baseline,https://rust.robertdevore.com/course/04-borrowing/,https://rust.robertdevore.com/course/14-testing/,"14 Tests, diagnostics, and complementary tools",li,200,https://rust.robertdevore.com/course/14-testing/,0,valid,,
baseline,https://rust.robertdevore.com/course/04-borrowing/,https://rust.robertdevore.com/course/15-interior/,15 Interior mutability and shared ownership,li,200,https://rust.robertdevore.com/course/15-interior/,0,valid,,
baseline,https://rust.robertdevore.com/course/04-borrowing/,https://rust.robertdevore.com/course/16-threads/,"16 Threads, Send, and Sync",li,200,https://rust.robertdevore.com/course/16-threads/,0,valid,,
baseline,https://rust.robertdevore.com/course/04-borrowing/,https://rust.robertdevore.com/course/17-synchronization/,"17 Channels, locks, and shutdown",li,200,https://rust.robertdevore.com/course/17-synchronization/,0,valid,,
baseline,https://rust.robertdevore.com/course/04-borrowing/,https://rust.robertdevore.com/course/18-atomics/,18 Atomics and memory ordering,li,200,https://rust.robertdevore.com/course/18-atomics/,0,valid,,
baseline,https://rust.robertdevore.com/course/04-borrowing/,https://rust.robertdevore.com/course/19-futures/,19 Futures before runtimes,li,200,https://rust.robertdevore.com/course/19-futures/,0,valid,,
baseline,https://rust.robertdevore.com/course/04-borrowing/,https://rust.robertdevore.com/course/20-async/,"20 Tokio tasks, blocking, and cancellation",li,200,https://rust.robertdevore.com/course/20-async/,0,valid,,
baseline,https://rust.robertdevore.com/course/04-borrowing/,https://rust.robertdevore.com/course/21-pin/,21 Pin and async trait boundaries,li,200,https://rust.robertdevore.com/course/21-pin/,0,valid,,
baseline,https://rust.robertdevore.com/course/04-borrowing/,https://rust.robertdevore.com/course/22-async-build/,22 Stage build: an async ingestion pipeline,li,200,https://rust.robertdevore.com/course/22-async-build/,0,valid,,
baseline,https://rust.robertdevore.com/course/04-borrowing/,https://rust.robertdevore.com/course/23-unsafe/,23 Unsafe boundaries and soundness,li,200,https://rust.robertdevore.com/course/23-unsafe/,0,valid,,
baseline,https://rust.robertdevore.com/course/04-borrowing/,https://rust.robertdevore.com/course/24-performance/,24 Measure performance and resource use,li,200,https://rust.robertdevore.com/course/24-performance/,0,valid,,
baseline,https://rust.robertdevore.com/course/04-borrowing/,https://rust.robertdevore.com/course/25-horizon/,25 Stable Rust and the horizon,li,200,https://rust.robertdevore.com/course/25-horizon/,0,valid,,
baseline,https://rust.robertdevore.com/course/04-borrowing/,https://rust.robertdevore.com/course/26-interop/,"26 FFI, serialization, and public contracts",li,200,https://rust.robertdevore.com/course/26-interop/,0,valid,,
baseline,https://rust.robertdevore.com/course/04-borrowing/,https://rust.robertdevore.com/course/27-capstone/,27 Capstone: ship Fieldnotes,li,200,https://rust.robertdevore.com/course/27-capstone/,0,valid,,
baseline,https://rust.robertdevore.com/course/04-borrowing/,https://rust.robertdevore.com/course/28-release/,"28 Release, maintain, and keep learning",li,200,https://rust.robertdevore.com/course/28-release/,0,valid,,
baseline,https://rust.robertdevore.com/course/04-borrowing/,https://rust.robertdevore.com/course/,Course,div,200,https://rust.robertdevore.com/course/,0,valid,,
baseline,https://rust.robertdevore.com/course/04-borrowing/,https://rust.robertdevore.com/course/03-ownership/,"← Previous lesson Ownership, places, and moves",nav,200,https://rust.robertdevore.com/course/03-ownership/,0,valid,,
baseline,https://rust.robertdevore.com/course/04-borrowing/,https://rust.robertdevore.com/course/05-text/,"Next lesson → Strings, slices, and collections",nav,200,https://rust.robertdevore.com/course/05-text/,0,valid,,
baseline,https://rust.robertdevore.com/course/04-borrowing/,https://rust.robertdevore.com/course/04-borrowing/#access-has-a-duration,Access has a duration,nav,200,https://rust.robertdevore.com/course/04-borrowing/,0,valid,,
baseline,https://rust.robertdevore.com/course/04-borrowing/,https://rust.robertdevore.com/course/04-borrowing/#why-a-push-can-invalidate-a-reference,Why a push can invalidate a reference,nav,200,https://rust.robertdevore.com/course/04-borrowing/,0,valid,,
baseline,https://rust.robertdevore.com/course/04-borrowing/,https://rust.robertdevore.com/course/04-borrowing/#compiler-drill,Compiler drill,nav,200,https://rust.robertdevore.com/course/04-borrowing/,0,valid,,
baseline,https://rust.robertdevore.com/course/04-borrowing/,https://rust.robertdevore.com/course/04-borrowing/#exercise,Exercise,nav,200,https://rust.robertdevore.com/course/04-borrowing/,0,valid,,
baseline,https://rust.robertdevore.com/course/04-borrowing/,https://rust.robertdevore.com/,R_ / Rust Course,footer,200,https://rust.robertdevore.com/,0,valid,,
baseline,https://rust.robertdevore.com/course/04-borrowing/,https://rust.robertdevore.com/about/#technical-freshness,"Verified September 6, 2026",div,200,https://rust.robertdevore.com/about/,0,valid,,
baseline,https://rust.robertdevore.com/course/04-borrowing/,https://rust.robertdevore.com/sitemap.xml,Sitemap,div,200,https://rust.robertdevore.com/sitemap.xml,0,valid,,
baseline,https://rust.robertdevore.com/course/05-text/,https://rust.robertdevore.com/course/05-text/#main,Skip to content,body,200,https://rust.robertdevore.com/course/05-text/,0,valid,,
baseline,https://rust.robertdevore.com/course/05-text/,https://rust.robertdevore.com/,Rust / the practical course,header,200,https://rust.robertdevore.com/,0,valid,,
baseline,https://rust.robertdevore.com/course/05-text/,https://rust.robertdevore.com/course/,Curriculum,nav,200,https://rust.robertdevore.com/course/,0,valid,,
baseline,https://rust.robertdevore.com/course/05-text/,https://rust.robertdevore.com/practice/,Practice,nav,200,https://rust.robertdevore.com/practice/,0,valid,,
baseline,https://rust.robertdevore.com/course/05-text/,https://rust.robertdevore.com/about/,About,nav,200,https://rust.robertdevore.com/about/,0,valid,,
baseline,https://rust.robertdevore.com/course/05-text/,https://rust.robertdevore.com/course/,← All lessons,aside,200,https://rust.robertdevore.com/course/,0,valid,,
baseline,https://rust.robertdevore.com/course/05-text/,https://rust.robertdevore.com/course/01-start/,01 Set up your Rust workshop,li,200,https://rust.robertdevore.com/course/01-start/,0,valid,,
baseline,https://rust.robertdevore.com/course/05-text/,https://rust.robertdevore.com/course/02-values/,"02 Values, functions, and control flow",li,200,https://rust.robertdevore.com/course/02-values/,0,valid,,
baseline,https://rust.robertdevore.com/course/05-text/,https://rust.robertdevore.com/course/03-ownership/,"03 Ownership, places, and moves",li,200,https://rust.robertdevore.com/course/03-ownership/,0,valid,,
baseline,https://rust.robertdevore.com/course/05-text/,https://rust.robertdevore.com/course/04-borrowing/,04 Borrowing and reborrowing,li,200,https://rust.robertdevore.com/course/04-borrowing/,0,valid,,
baseline,https://rust.robertdevore.com/course/05-text/,https://rust.robertdevore.com/course/05-text/,"05 Strings, slices, and collections",li,200,https://rust.robertdevore.com/course/05-text/,0,valid,,
baseline,https://rust.robertdevore.com/course/05-text/,https://rust.robertdevore.com/course/06-model/,"06 Structs, enums, and useful states",li,200,https://rust.robertdevore.com/course/06-model/,0,valid,,
baseline,https://rust.robertdevore.com/course/05-text/,https://rust.robertdevore.com/course/07-errors/,07 Errors as part of the interface,li,200,https://rust.robertdevore.com/course/07-errors/,0,valid,,
baseline,https://rust.robertdevore.com/course/05-text/,https://rust.robertdevore.com/course/08-first-build/,08 Stage build: the first event counter,li,200,https://rust.robertdevore.com/course/08-first-build/,0,valid,,
baseline,https://rust.robertdevore.com/course/05-text/,https://rust.robertdevore.com/course/09-lifetimes/,09 Lifetimes describe relationships,li,200,https://rust.robertdevore.com/course/09-lifetimes/,0,valid,,
baseline,https://rust.robertdevore.com/course/05-text/,https://rust.robertdevore.com/course/10-traits/,10 Traits where abstraction earns its place,li,200,https://rust.robertdevore.com/course/10-traits/,0,valid,,
baseline,https://rust.robertdevore.com/course/05-text/,https://rust.robertdevore.com/course/11-iterators/,11 Iterators and closures without hidden ownership,li,200,https://rust.robertdevore.com/course/11-iterators/,0,valid,,
baseline,https://rust.robertdevore.com/course/05-text/,https://rust.robertdevore.com/course/12-reader/,12 Stage build: a bounded streaming library,li,200,https://rust.robertdevore.com/course/12-reader/,0,valid,,
baseline,https://rust.robertdevore.com/course/05-text/,https://rust.robertdevore.com/course/13-cargo/,"13 Cargo, modules, and dependency boundaries",li,200,https://rust.robertdevore.com/course/13-cargo/,0,valid,,
baseline,https://rust.robertdevore.com/course/05-text/,https://rust.robertdevore.com/course/14-testing/,"14 Tests, diagnostics, and complementary tools",li,200,https://rust.robertdevore.com/course/14-testing/,0,valid,,
baseline,https://rust.robertdevore.com/course/05-text/,https://rust.robertdevore.com/course/15-interior/,15 Interior mutability and shared ownership,li,200,https://rust.robertdevore.com/course/15-interior/,0,valid,,
baseline,https://rust.robertdevore.com/course/05-text/,https://rust.robertdevore.com/course/16-threads/,"16 Threads, Send, and Sync",li,200,https://rust.robertdevore.com/course/16-threads/,0,valid,,
baseline,https://rust.robertdevore.com/course/05-text/,https://rust.robertdevore.com/course/17-synchronization/,"17 Channels, locks, and shutdown",li,200,https://rust.robertdevore.com/course/17-synchronization/,0,valid,,
baseline,https://rust.robertdevore.com/course/05-text/,https://rust.robertdevore.com/course/18-atomics/,18 Atomics and memory ordering,li,200,https://rust.robertdevore.com/course/18-atomics/,0,valid,,
baseline,https://rust.robertdevore.com/course/05-text/,https://rust.robertdevore.com/course/19-futures/,19 Futures before runtimes,li,200,https://rust.robertdevore.com/course/19-futures/,0,valid,,
baseline,https://rust.robertdevore.com/course/05-text/,https://rust.robertdevore.com/course/20-async/,"20 Tokio tasks, blocking, and cancellation",li,200,https://rust.robertdevore.com/course/20-async/,0,valid,,
baseline,https://rust.robertdevore.com/course/05-text/,https://rust.robertdevore.com/course/21-pin/,21 Pin and async trait boundaries,li,200,https://rust.robertdevore.com/course/21-pin/,0,valid,,
baseline,https://rust.robertdevore.com/course/05-text/,https://rust.robertdevore.com/course/22-async-build/,22 Stage build: an async ingestion pipeline,li,200,https://rust.robertdevore.com/course/22-async-build/,0,valid,,
baseline,https://rust.robertdevore.com/course/05-text/,https://rust.robertdevore.com/course/23-unsafe/,23 Unsafe boundaries and soundness,li,200,https://rust.robertdevore.com/course/23-unsafe/,0,valid,,
baseline,https://rust.robertdevore.com/course/05-text/,https://rust.robertdevore.com/course/24-performance/,24 Measure performance and resource use,li,200,https://rust.robertdevore.com/course/24-performance/,0,valid,,
baseline,https://rust.robertdevore.com/course/05-text/,https://rust.robertdevore.com/course/25-horizon/,25 Stable Rust and the horizon,li,200,https://rust.robertdevore.com/course/25-horizon/,0,valid,,
baseline,https://rust.robertdevore.com/course/05-text/,https://rust.robertdevore.com/course/26-interop/,"26 FFI, serialization, and public contracts",li,200,https://rust.robertdevore.com/course/26-interop/,0,valid,,
baseline,https://rust.robertdevore.com/course/05-text/,https://rust.robertdevore.com/course/27-capstone/,27 Capstone: ship Fieldnotes,li,200,https://rust.robertdevore.com/course/27-capstone/,0,valid,,
baseline,https://rust.robertdevore.com/course/05-text/,https://rust.robertdevore.com/course/28-release/,"28 Release, maintain, and keep learning",li,200,https://rust.robertdevore.com/course/28-release/,0,valid,,
baseline,https://rust.robertdevore.com/course/05-text/,https://rust.robertdevore.com/course/,Course,div,200,https://rust.robertdevore.com/course/,0,valid,,
baseline,https://rust.robertdevore.com/course/05-text/,https://rust.robertdevore.com/course/04-borrowing/,← Previous lesson Borrowing and reborrowing,nav,200,https://rust.robertdevore.com/course/04-borrowing/,0,valid,,
baseline,https://rust.robertdevore.com/course/05-text/,https://rust.robertdevore.com/course/06-model/,"Next lesson → Structs, enums, and useful states",nav,200,https://rust.robertdevore.com/course/06-model/,0,valid,,
baseline,https://rust.robertdevore.com/course/05-text/,https://rust.robertdevore.com/course/05-text/#text-is-not-an-array-of-letters,Text is not an array of letters,nav,200,https://rust.robertdevore.com/course/05-text/,0,valid,,
baseline,https://rust.robertdevore.com/course/05-text/,https://rust.robertdevore.com/course/05-text/#select-storage-from-the-operations,Select storage from the operations,nav,200,https://rust.robertdevore.com/course/05-text/,0,valid,,
baseline,https://rust.robertdevore.com/course/05-text/,https://rust.robertdevore.com/course/05-text/#bound-growth-at-the-input-boundary,Bound growth at the input boundary,nav,200,https://rust.robertdevore.com/course/05-text/,0,valid,,
baseline,https://rust.robertdevore.com/course/05-text/,https://rust.robertdevore.com/course/05-text/#exercise,Exercise,nav,200,https://rust.robertdevore.com/course/05-text/,0,valid,,
baseline,https://rust.robertdevore.com/course/05-text/,https://rust.robertdevore.com/,R_ / Rust Course,footer,200,https://rust.robertdevore.com/,0,valid,,
baseline,https://rust.robertdevore.com/course/05-text/,https://rust.robertdevore.com/about/#technical-freshness,"Verified September 6, 2026",div,200,https://rust.robertdevore.com/about/,0,valid,,
baseline,https://rust.robertdevore.com/course/05-text/,https://rust.robertdevore.com/sitemap.xml,Sitemap,div,200,https://rust.robertdevore.com/sitemap.xml,0,valid,,
baseline,https://rust.robertdevore.com/course/06-model/,https://rust.robertdevore.com/course/06-model/#main,Skip to content,body,200,https://rust.robertdevore.com/course/06-model/,0,valid,,
baseline,https://rust.robertdevore.com/course/06-model/,https://rust.robertdevore.com/,Rust / the practical course,header,200,https://rust.robertdevore.com/,0,valid,,
baseline,https://rust.robertdevore.com/course/06-model/,https://rust.robertdevore.com/course/,Curriculum,nav,200,https://rust.robertdevore.com/course/,0,valid,,
baseline,https://rust.robertdevore.com/course/06-model/,https://rust.robertdevore.com/practice/,Practice,nav,200,https://rust.robertdevore.com/practice/,0,valid,,
baseline,https://rust.robertdevore.com/course/06-model/,https://rust.robertdevore.com/about/,About,nav,200,https://rust.robertdevore.com/about/,0,valid,,
baseline,https://rust.robertdevore.com/course/06-model/,https://rust.robertdevore.com/course/,← All lessons,aside,200,https://rust.robertdevore.com/course/,0,valid,,
baseline,https://rust.robertdevore.com/course/06-model/,https://rust.robertdevore.com/course/01-start/,01 Set up your Rust workshop,li,200,https://rust.robertdevore.com/course/01-start/,0,valid,,
baseline,https://rust.robertdevore.com/course/06-model/,https://rust.robertdevore.com/course/02-values/,"02 Values, functions, and control flow",li,200,https://rust.robertdevore.com/course/02-values/,0,valid,,
baseline,https://rust.robertdevore.com/course/06-model/,https://rust.robertdevore.com/course/03-ownership/,"03 Ownership, places, and moves",li,200,https://rust.robertdevore.com/course/03-ownership/,0,valid,,
baseline,https://rust.robertdevore.com/course/06-model/,https://rust.robertdevore.com/course/04-borrowing/,04 Borrowing and reborrowing,li,200,https://rust.robertdevore.com/course/04-borrowing/,0,valid,,
baseline,https://rust.robertdevore.com/course/06-model/,https://rust.robertdevore.com/course/05-text/,"05 Strings, slices, and collections",li,200,https://rust.robertdevore.com/course/05-text/,0,valid,,
baseline,https://rust.robertdevore.com/course/06-model/,https://rust.robertdevore.com/course/06-model/,"06 Structs, enums, and useful states",li,200,https://rust.robertdevore.com/course/06-model/,0,valid,,
baseline,https://rust.robertdevore.com/course/06-model/,https://rust.robertdevore.com/course/07-errors/,07 Errors as part of the interface,li,200,https://rust.robertdevore.com/course/07-errors/,0,valid,,
baseline,https://rust.robertdevore.com/course/06-model/,https://rust.robertdevore.com/course/08-first-build/,08 Stage build: the first event counter,li,200,https://rust.robertdevore.com/course/08-first-build/,0,valid,,
baseline,https://rust.robertdevore.com/course/06-model/,https://rust.robertdevore.com/course/09-lifetimes/,09 Lifetimes describe relationships,li,200,https://rust.robertdevore.com/course/09-lifetimes/,0,valid,,
baseline,https://rust.robertdevore.com/course/06-model/,https://rust.robertdevore.com/course/10-traits/,10 Traits where abstraction earns its place,li,200,https://rust.robertdevore.com/course/10-traits/,0,valid,,
baseline,https://rust.robertdevore.com/course/06-model/,https://rust.robertdevore.com/course/11-iterators/,11 Iterators and closures without hidden ownership,li,200,https://rust.robertdevore.com/course/11-iterators/,0,valid,,
baseline,https://rust.robertdevore.com/course/06-model/,https://rust.robertdevore.com/course/12-reader/,12 Stage build: a bounded streaming library,li,200,https://rust.robertdevore.com/course/12-reader/,0,valid,,
baseline,https://rust.robertdevore.com/course/06-model/,https://rust.robertdevore.com/course/13-cargo/,"13 Cargo, modules, and dependency boundaries",li,200,https://rust.robertdevore.com/course/13-cargo/,0,valid,,
baseline,https://rust.robertdevore.com/course/06-model/,https://rust.robertdevore.com/course/14-testing/,"14 Tests, diagnostics, and complementary tools",li,200,https://rust.robertdevore.com/course/14-testing/,0,valid,,
baseline,https://rust.robertdevore.com/course/06-model/,https://rust.robertdevore.com/course/15-interior/,15 Interior mutability and shared ownership,li,200,https://rust.robertdevore.com/course/15-interior/,0,valid,,
baseline,https://rust.robertdevore.com/course/06-model/,https://rust.robertdevore.com/course/16-threads/,"16 Threads, Send, and Sync",li,200,https://rust.robertdevore.com/course/16-threads/,0,valid,,
baseline,https://rust.robertdevore.com/course/06-model/,https://rust.robertdevore.com/course/17-synchronization/,"17 Channels, locks, and shutdown",li,200,https://rust.robertdevore.com/course/17-synchronization/,0,valid,,
baseline,https://rust.robertdevore.com/course/06-model/,https://rust.robertdevore.com/course/18-atomics/,18 Atomics and memory ordering,li,200,https://rust.robertdevore.com/course/18-atomics/,0,valid,,
baseline,https://rust.robertdevore.com/course/06-model/,https://rust.robertdevore.com/course/19-futures/,19 Futures before runtimes,li,200,https://rust.robertdevore.com/course/19-futures/,0,valid,,
baseline,https://rust.robertdevore.com/course/06-model/,https://rust.robertdevore.com/course/20-async/,"20 Tokio tasks, blocking, and cancellation",li,200,https://rust.robertdevore.com/course/20-async/,0,valid,,
baseline,https://rust.robertdevore.com/course/06-model/,https://rust.robertdevore.com/course/21-pin/,21 Pin and async trait boundaries,li,200,https://rust.robertdevore.com/course/21-pin/,0,valid,,
baseline,https://rust.robertdevore.com/course/06-model/,https://rust.robertdevore.com/course/22-async-build/,22 Stage build: an async ingestion pipeline,li,200,https://rust.robertdevore.com/course/22-async-build/,0,valid,,
baseline,https://rust.robertdevore.com/course/06-model/,https://rust.robertdevore.com/course/23-unsafe/,23 Unsafe boundaries and soundness,li,200,https://rust.robertdevore.com/course/23-unsafe/,0,valid,,
baseline,https://rust.robertdevore.com/course/06-model/,https://rust.robertdevore.com/course/24-performance/,24 Measure performance and resource use,li,200,https://rust.robertdevore.com/course/24-performance/,0,valid,,
baseline,https://rust.robertdevore.com/course/06-model/,https://rust.robertdevore.com/course/25-horizon/,25 Stable Rust and the horizon,li,200,https://rust.robertdevore.com/course/25-horizon/,0,valid,,
baseline,https://rust.robertdevore.com/course/06-model/,https://rust.robertdevore.com/course/26-interop/,"26 FFI, serialization, and public contracts",li,200,https://rust.robertdevore.com/course/26-interop/,0,valid,,
baseline,https://rust.robertdevore.com/course/06-model/,https://rust.robertdevore.com/course/27-capstone/,27 Capstone: ship Fieldnotes,li,200,https://rust.robertdevore.com/course/27-capstone/,0,valid,,
baseline,https://rust.robertdevore.com/course/06-model/,https://rust.robertdevore.com/course/28-release/,"28 Release, maintain, and keep learning",li,200,https://rust.robertdevore.com/course/28-release/,0,valid,,
baseline,https://rust.robertdevore.com/course/06-model/,https://rust.robertdevore.com/course/,Course,div,200,https://rust.robertdevore.com/course/,0,valid,,
baseline,https://rust.robertdevore.com/course/06-model/,https://rust.robertdevore.com/course/05-text/,"← Previous lesson Strings, slices, and collections",nav,200,https://rust.robertdevore.com/course/05-text/,0,valid,,
baseline,https://rust.robertdevore.com/course/06-model/,https://rust.robertdevore.com/course/07-errors/,Next lesson → Errors as part of the interface,nav,200,https://rust.robertdevore.com/course/07-errors/,0,valid,,
baseline,https://rust.robertdevore.com/course/06-model/,https://rust.robertdevore.com/course/06-model/#model-the-alternatives-you-actually-have,Model the alternatives you actually have,nav,200,https://rust.robertdevore.com/course/06-model/,0,valid,,
baseline,https://rust.robertdevore.com/course/06-model/,https://rust.robertdevore.com/course/06-model/#keep-invariants-close-to-construction,Keep invariants close to construction,nav,200,https://rust.robertdevore.com/course/06-model/,0,valid,,
baseline,https://rust.robertdevore.com/course/06-model/,https://rust.robertdevore.com/course/06-model/#restraint-is-part-of-design,Restraint is part of design,nav,200,https://rust.robertdevore.com/course/06-model/,0,valid,,
baseline,https://rust.robertdevore.com/course/06-model/,https://rust.robertdevore.com/course/06-model/#exercise,Exercise,nav,200,https://rust.robertdevore.com/course/06-model/,0,valid,,
baseline,https://rust.robertdevore.com/course/06-model/,https://rust.robertdevore.com/,R_ / Rust Course,footer,200,https://rust.robertdevore.com/,0,valid,,
baseline,https://rust.robertdevore.com/course/06-model/,https://rust.robertdevore.com/about/#technical-freshness,"Verified September 6, 2026",div,200,https://rust.robertdevore.com/about/,0,valid,,
baseline,https://rust.robertdevore.com/course/06-model/,https://rust.robertdevore.com/sitemap.xml,Sitemap,div,200,https://rust.robertdevore.com/sitemap.xml,0,valid,,
baseline,https://rust.robertdevore.com/course/07-errors/,https://rust.robertdevore.com/course/07-errors/#main,Skip to content,body,200,https://rust.robertdevore.com/course/07-errors/,0,valid,,
baseline,https://rust.robertdevore.com/course/07-errors/,https://rust.robertdevore.com/,Rust / the practical course,header,200,https://rust.robertdevore.com/,0,valid,,
baseline,https://rust.robertdevore.com/course/07-errors/,https://rust.robertdevore.com/course/,Curriculum,nav,200,https://rust.robertdevore.com/course/,0,valid,,
baseline,https://rust.robertdevore.com/course/07-errors/,https://rust.robertdevore.com/practice/,Practice,nav,200,https://rust.robertdevore.com/practice/,0,valid,,
baseline,https://rust.robertdevore.com/course/07-errors/,https://rust.robertdevore.com/about/,About,nav,200,https://rust.robertdevore.com/about/,0,valid,,
baseline,https://rust.robertdevore.com/course/07-errors/,https://rust.robertdevore.com/course/,← All lessons,aside,200,https://rust.robertdevore.com/course/,0,valid,,
baseline,https://rust.robertdevore.com/course/07-errors/,https://rust.robertdevore.com/course/01-start/,01 Set up your Rust workshop,li,200,https://rust.robertdevore.com/course/01-start/,0,valid,,
baseline,https://rust.robertdevore.com/course/07-errors/,https://rust.robertdevore.com/course/02-values/,"02 Values, functions, and control flow",li,200,https://rust.robertdevore.com/course/02-values/,0,valid,,
baseline,https://rust.robertdevore.com/course/07-errors/,https://rust.robertdevore.com/course/03-ownership/,"03 Ownership, places, and moves",li,200,https://rust.robertdevore.com/course/03-ownership/,0,valid,,
baseline,https://rust.robertdevore.com/course/07-errors/,https://rust.robertdevore.com/course/04-borrowing/,04 Borrowing and reborrowing,li,200,https://rust.robertdevore.com/course/04-borrowing/,0,valid,,
baseline,https://rust.robertdevore.com/course/07-errors/,https://rust.robertdevore.com/course/05-text/,"05 Strings, slices, and collections",li,200,https://rust.robertdevore.com/course/05-text/,0,valid,,
baseline,https://rust.robertdevore.com/course/07-errors/,https://rust.robertdevore.com/course/06-model/,"06 Structs, enums, and useful states",li,200,https://rust.robertdevore.com/course/06-model/,0,valid,,
baseline,https://rust.robertdevore.com/course/07-errors/,https://rust.robertdevore.com/course/07-errors/,07 Errors as part of the interface,li,200,https://rust.robertdevore.com/course/07-errors/,0,valid,,
baseline,https://rust.robertdevore.com/course/07-errors/,https://rust.robertdevore.com/course/08-first-build/,08 Stage build: the first event counter,li,200,https://rust.robertdevore.com/course/08-first-build/,0,valid,,
baseline,https://rust.robertdevore.com/course/07-errors/,https://rust.robertdevore.com/course/09-lifetimes/,09 Lifetimes describe relationships,li,200,https://rust.robertdevore.com/course/09-lifetimes/,0,valid,,
baseline,https://rust.robertdevore.com/course/07-errors/,https://rust.robertdevore.com/course/10-traits/,10 Traits where abstraction earns its place,li,200,https://rust.robertdevore.com/course/10-traits/,0,valid,,
baseline,https://rust.robertdevore.com/course/07-errors/,https://rust.robertdevore.com/course/11-iterators/,11 Iterators and closures without hidden ownership,li,200,https://rust.robertdevore.com/course/11-iterators/,0,valid,,
baseline,https://rust.robertdevore.com/course/07-errors/,https://rust.robertdevore.com/course/12-reader/,12 Stage build: a bounded streaming library,li,200,https://rust.robertdevore.com/course/12-reader/,0,valid,,
baseline,https://rust.robertdevore.com/course/07-errors/,https://rust.robertdevore.com/course/13-cargo/,"13 Cargo, modules, and dependency boundaries",li,200,https://rust.robertdevore.com/course/13-cargo/,0,valid,,
baseline,https://rust.robertdevore.com/course/07-errors/,https://rust.robertdevore.com/course/14-testing/,"14 Tests, diagnostics, and complementary tools",li,200,https://rust.robertdevore.com/course/14-testing/,0,valid,,
baseline,https://rust.robertdevore.com/course/07-errors/,https://rust.robertdevore.com/course/15-interior/,15 Interior mutability and shared ownership,li,200,https://rust.robertdevore.com/course/15-interior/,0,valid,,
baseline,https://rust.robertdevore.com/course/07-errors/,https://rust.robertdevore.com/course/16-threads/,"16 Threads, Send, and Sync",li,200,https://rust.robertdevore.com/course/16-threads/,0,valid,,
baseline,https://rust.robertdevore.com/course/07-errors/,https://rust.robertdevore.com/course/17-synchronization/,"17 Channels, locks, and shutdown",li,200,https://rust.robertdevore.com/course/17-synchronization/,0,valid,,
baseline,https://rust.robertdevore.com/course/07-errors/,https://rust.robertdevore.com/course/18-atomics/,18 Atomics and memory ordering,li,200,https://rust.robertdevore.com/course/18-atomics/,0,valid,,
baseline,https://rust.robertdevore.com/course/07-errors/,https://rust.robertdevore.com/course/19-futures/,19 Futures before runtimes,li,200,https://rust.robertdevore.com/course/19-futures/,0,valid,,
baseline,https://rust.robertdevore.com/course/07-errors/,https://rust.robertdevore.com/course/20-async/,"20 Tokio tasks, blocking, and cancellation",li,200,https://rust.robertdevore.com/course/20-async/,0,valid,,
baseline,https://rust.robertdevore.com/course/07-errors/,https://rust.robertdevore.com/course/21-pin/,21 Pin and async trait boundaries,li,200,https://rust.robertdevore.com/course/21-pin/,0,valid,,
baseline,https://rust.robertdevore.com/course/07-errors/,https://rust.robertdevore.com/course/22-async-build/,22 Stage build: an async ingestion pipeline,li,200,https://rust.robertdevore.com/course/22-async-build/,0,valid,,
baseline,https://rust.robertdevore.com/course/07-errors/,https://rust.robertdevore.com/course/23-unsafe/,23 Unsafe boundaries and soundness,li,200,https://rust.robertdevore.com/course/23-unsafe/,0,valid,,
baseline,https://rust.robertdevore.com/course/07-errors/,https://rust.robertdevore.com/course/24-performance/,24 Measure performance and resource use,li,200,https://rust.robertdevore.com/course/24-performance/,0,valid,,
baseline,https://rust.robertdevore.com/course/07-errors/,https://rust.robertdevore.com/course/25-horizon/,25 Stable Rust and the horizon,li,200,https://rust.robertdevore.com/course/25-horizon/,0,valid,,
baseline,https://rust.robertdevore.com/course/07-errors/,https://rust.robertdevore.com/course/26-interop/,"26 FFI, serialization, and public contracts",li,200,https://rust.robertdevore.com/course/26-interop/,0,valid,,
baseline,https://rust.robertdevore.com/course/07-errors/,https://rust.robertdevore.com/course/27-capstone/,27 Capstone: ship Fieldnotes,li,200,https://rust.robertdevore.com/course/27-capstone/,0,valid,,
baseline,https://rust.robertdevore.com/course/07-errors/,https://rust.robertdevore.com/course/28-release/,"28 Release, maintain, and keep learning",li,200,https://rust.robertdevore.com/course/28-release/,0,valid,,
baseline,https://rust.robertdevore.com/course/07-errors/,https://rust.robertdevore.com/course/,Course,div,200,https://rust.robertdevore.com/course/,0,valid,,
baseline,https://rust.robertdevore.com/course/07-errors/,https://rust.robertdevore.com/course/06-model/,"← Previous lesson Structs, enums, and useful states",nav,200,https://rust.robertdevore.com/course/06-model/,0,valid,,
baseline,https://rust.robertdevore.com/course/07-errors/,https://rust.robertdevore.com/course/08-first-build/,Next lesson → Stage build: the first event counter,nav,200,https://rust.robertdevore.com/course/08-first-build/,0,valid,,
baseline,https://rust.robertdevore.com/course/07-errors/,https://rust.robertdevore.com/course/07-errors/#four-different-situations,Four different situations,nav,200,https://rust.robertdevore.com/course/07-errors/,0,valid,,
baseline,https://rust.robertdevore.com/course/07-errors/,https://rust.robertdevore.com/course/07-errors/#give-callers-useful-distinctions,Give callers useful distinctions,nav,200,https://rust.robertdevore.com/course/07-errors/,0,valid,,
baseline,https://rust.robertdevore.com/course/07-errors/,https://rust.robertdevore.com/course/07-errors/#failure-should-have-a-defined-effect,Failure should have a defined effect,nav,200,https://rust.robertdevore.com/course/07-errors/,0,valid,,
baseline,https://rust.robertdevore.com/course/07-errors/,https://rust.robertdevore.com/course/07-errors/#exercise,Exercise,nav,200,https://rust.robertdevore.com/course/07-errors/,0,valid,,
baseline,https://rust.robertdevore.com/course/07-errors/,https://rust.robertdevore.com/,R_ / Rust Course,footer,200,https://rust.robertdevore.com/,0,valid,,
baseline,https://rust.robertdevore.com/course/07-errors/,https://rust.robertdevore.com/about/#technical-freshness,"Verified September 6, 2026",div,200,https://rust.robertdevore.com/about/,0,valid,,
baseline,https://rust.robertdevore.com/course/07-errors/,https://rust.robertdevore.com/sitemap.xml,Sitemap,div,200,https://rust.robertdevore.com/sitemap.xml,0,valid,,
baseline,https://rust.robertdevore.com/course/08-first-build/,https://rust.robertdevore.com/course/08-first-build/#main,Skip to content,body,200,https://rust.robertdevore.com/course/08-first-build/,0,valid,,
baseline,https://rust.robertdevore.com/course/08-first-build/,https://rust.robertdevore.com/,Rust / the practical course,header,200,https://rust.robertdevore.com/,0,valid,,
baseline,https://rust.robertdevore.com/course/08-first-build/,https://rust.robertdevore.com/course/,Curriculum,nav,200,https://rust.robertdevore.com/course/,0,valid,,
baseline,https://rust.robertdevore.com/course/08-first-build/,https://rust.robertdevore.com/practice/,Practice,nav,200,https://rust.robertdevore.com/practice/,0,valid,,
baseline,https://rust.robertdevore.com/course/08-first-build/,https://rust.robertdevore.com/about/,About,nav,200,https://rust.robertdevore.com/about/,0,valid,,
baseline,https://rust.robertdevore.com/course/08-first-build/,https://rust.robertdevore.com/course/,← All lessons,aside,200,https://rust.robertdevore.com/course/,0,valid,,
baseline,https://rust.robertdevore.com/course/08-first-build/,https://rust.robertdevore.com/course/01-start/,01 Set up your Rust workshop,li,200,https://rust.robertdevore.com/course/01-start/,0,valid,,
baseline,https://rust.robertdevore.com/course/08-first-build/,https://rust.robertdevore.com/course/02-values/,"02 Values, functions, and control flow",li,200,https://rust.robertdevore.com/course/02-values/,0,valid,,
baseline,https://rust.robertdevore.com/course/08-first-build/,https://rust.robertdevore.com/course/03-ownership/,"03 Ownership, places, and moves",li,200,https://rust.robertdevore.com/course/03-ownership/,0,valid,,
baseline,https://rust.robertdevore.com/course/08-first-build/,https://rust.robertdevore.com/course/04-borrowing/,04 Borrowing and reborrowing,li,200,https://rust.robertdevore.com/course/04-borrowing/,0,valid,,
baseline,https://rust.robertdevore.com/course/08-first-build/,https://rust.robertdevore.com/course/05-text/,"05 Strings, slices, and collections",li,200,https://rust.robertdevore.com/course/05-text/,0,valid,,
baseline,https://rust.robertdevore.com/course/08-first-build/,https://rust.robertdevore.com/course/06-model/,"06 Structs, enums, and useful states",li,200,https://rust.robertdevore.com/course/06-model/,0,valid,,
baseline,https://rust.robertdevore.com/course/08-first-build/,https://rust.robertdevore.com/course/07-errors/,07 Errors as part of the interface,li,200,https://rust.robertdevore.com/course/07-errors/,0,valid,,
baseline,https://rust.robertdevore.com/course/08-first-build/,https://rust.robertdevore.com/course/08-first-build/,08 Stage build: the first event counter,li,200,https://rust.robertdevore.com/course/08-first-build/,0,valid,,
baseline,https://rust.robertdevore.com/course/08-first-build/,https://rust.robertdevore.com/course/09-lifetimes/,09 Lifetimes describe relationships,li,200,https://rust.robertdevore.com/course/09-lifetimes/,0,valid,,
baseline,https://rust.robertdevore.com/course/08-first-build/,https://rust.robertdevore.com/course/10-traits/,10 Traits where abstraction earns its place,li,200,https://rust.robertdevore.com/course/10-traits/,0,valid,,
baseline,https://rust.robertdevore.com/course/08-first-build/,https://rust.robertdevore.com/course/11-iterators/,11 Iterators and closures without hidden ownership,li,200,https://rust.robertdevore.com/course/11-iterators/,0,valid,,
baseline,https://rust.robertdevore.com/course/08-first-build/,https://rust.robertdevore.com/course/12-reader/,12 Stage build: a bounded streaming library,li,200,https://rust.robertdevore.com/course/12-reader/,0,valid,,
baseline,https://rust.robertdevore.com/course/08-first-build/,https://rust.robertdevore.com/course/13-cargo/,"13 Cargo, modules, and dependency boundaries",li,200,https://rust.robertdevore.com/course/13-cargo/,0,valid,,
baseline,https://rust.robertdevore.com/course/08-first-build/,https://rust.robertdevore.com/course/14-testing/,"14 Tests, diagnostics, and complementary tools",li,200,https://rust.robertdevore.com/course/14-testing/,0,valid,,
baseline,https://rust.robertdevore.com/course/08-first-build/,https://rust.robertdevore.com/course/15-interior/,15 Interior mutability and shared ownership,li,200,https://rust.robertdevore.com/course/15-interior/,0,valid,,
baseline,https://rust.robertdevore.com/course/08-first-build/,https://rust.robertdevore.com/course/16-threads/,"16 Threads, Send, and Sync",li,200,https://rust.robertdevore.com/course/16-threads/,0,valid,,
baseline,https://rust.robertdevore.com/course/08-first-build/,https://rust.robertdevore.com/course/17-synchronization/,"17 Channels, locks, and shutdown",li,200,https://rust.robertdevore.com/course/17-synchronization/,0,valid,,
baseline,https://rust.robertdevore.com/course/08-first-build/,https://rust.robertdevore.com/course/18-atomics/,18 Atomics and memory ordering,li,200,https://rust.robertdevore.com/course/18-atomics/,0,valid,,
baseline,https://rust.robertdevore.com/course/08-first-build/,https://rust.robertdevore.com/course/19-futures/,19 Futures before runtimes,li,200,https://rust.robertdevore.com/course/19-futures/,0,valid,,
baseline,https://rust.robertdevore.com/course/08-first-build/,https://rust.robertdevore.com/course/20-async/,"20 Tokio tasks, blocking, and cancellation",li,200,https://rust.robertdevore.com/course/20-async/,0,valid,,
baseline,https://rust.robertdevore.com/course/08-first-build/,https://rust.robertdevore.com/course/21-pin/,21 Pin and async trait boundaries,li,200,https://rust.robertdevore.com/course/21-pin/,0,valid,,
baseline,https://rust.robertdevore.com/course/08-first-build/,https://rust.robertdevore.com/course/22-async-build/,22 Stage build: an async ingestion pipeline,li,200,https://rust.robertdevore.com/course/22-async-build/,0,valid,,
baseline,https://rust.robertdevore.com/course/08-first-build/,https://rust.robertdevore.com/course/23-unsafe/,23 Unsafe boundaries and soundness,li,200,https://rust.robertdevore.com/course/23-unsafe/,0,valid,,
baseline,https://rust.robertdevore.com/course/08-first-build/,https://rust.robertdevore.com/course/24-performance/,24 Measure performance and resource use,li,200,https://rust.robertdevore.com/course/24-performance/,0,valid,,
baseline,https://rust.robertdevore.com/course/08-first-build/,https://rust.robertdevore.com/course/25-horizon/,25 Stable Rust and the horizon,li,200,https://rust.robertdevore.com/course/25-horizon/,0,valid,,
baseline,https://rust.robertdevore.com/course/08-first-build/,https://rust.robertdevore.com/course/26-interop/,"26 FFI, serialization, and public contracts",li,200,https://rust.robertdevore.com/course/26-interop/,0,valid,,
baseline,https://rust.robertdevore.com/course/08-first-build/,https://rust.robertdevore.com/course/27-capstone/,27 Capstone: ship Fieldnotes,li,200,https://rust.robertdevore.com/course/27-capstone/,0,valid,,
baseline,https://rust.robertdevore.com/course/08-first-build/,https://rust.robertdevore.com/course/28-release/,"28 Release, maintain, and keep learning",li,200,https://rust.robertdevore.com/course/28-release/,0,valid,,
baseline,https://rust.robertdevore.com/course/08-first-build/,https://rust.robertdevore.com/course/,Course,div,200,https://rust.robertdevore.com/course/,0,valid,,
baseline,https://rust.robertdevore.com/course/08-first-build/,https://rust.robertdevore.com/course/07-errors/,← Previous lesson Errors as part of the interface,nav,200,https://rust.robertdevore.com/course/07-errors/,0,valid,,
baseline,https://rust.robertdevore.com/course/08-first-build/,https://rust.robertdevore.com/course/09-lifetimes/,Next lesson → Lifetimes describe relationships,nav,200,https://rust.robertdevore.com/course/09-lifetimes/,0,valid,,
baseline,https://rust.robertdevore.com/course/08-first-build/,https://rust.robertdevore.com/course/08-first-build/#build-brief,Build brief,nav,200,https://rust.robertdevore.com/course/08-first-build/,0,valid,,
baseline,https://rust.robertdevore.com/course/08-first-build/,https://rust.robertdevore.com/course/08-first-build/#walk-through-the-state,Walk through the state,nav,200,https://rust.robertdevore.com/course/08-first-build/,0,valid,,
baseline,https://rust.robertdevore.com/course/08-first-build/,https://rust.robertdevore.com/course/08-first-build/#acceptance-criteria,Acceptance criteria,nav,200,https://rust.robertdevore.com/course/08-first-build/,0,valid,,
baseline,https://rust.robertdevore.com/course/08-first-build/,https://rust.robertdevore.com/course/08-first-build/#exercise,Exercise,nav,200,https://rust.robertdevore.com/course/08-first-build/,0,valid,,
baseline,https://rust.robertdevore.com/course/08-first-build/,https://rust.robertdevore.com/course/08-first-build/#review-before-moving-on,Review before moving on,nav,200,https://rust.robertdevore.com/course/08-first-build/,0,valid,,
baseline,https://rust.robertdevore.com/course/08-first-build/,https://rust.robertdevore.com/,R_ / Rust Course,footer,200,https://rust.robertdevore.com/,0,valid,,
baseline,https://rust.robertdevore.com/course/08-first-build/,https://rust.robertdevore.com/about/#technical-freshness,"Verified September 6, 2026",div,200,https://rust.robertdevore.com/about/,0,valid,,
baseline,https://rust.robertdevore.com/course/08-first-build/,https://rust.robertdevore.com/sitemap.xml,Sitemap,div,200,https://rust.robertdevore.com/sitemap.xml,0,valid,,
baseline,https://rust.robertdevore.com/course/09-lifetimes/,https://rust.robertdevore.com/course/09-lifetimes/#main,Skip to content,body,200,https://rust.robertdevore.com/course/09-lifetimes/,0,valid,,
baseline,https://rust.robertdevore.com/course/09-lifetimes/,https://rust.robertdevore.com/,Rust / the practical course,header,200,https://rust.robertdevore.com/,0,valid,,
baseline,https://rust.robertdevore.com/course/09-lifetimes/,https://rust.robertdevore.com/course/,Curriculum,nav,200,https://rust.robertdevore.com/course/,0,valid,,
baseline,https://rust.robertdevore.com/course/09-lifetimes/,https://rust.robertdevore.com/practice/,Practice,nav,200,https://rust.robertdevore.com/practice/,0,valid,,
baseline,https://rust.robertdevore.com/course/09-lifetimes/,https://rust.robertdevore.com/about/,About,nav,200,https://rust.robertdevore.com/about/,0,valid,,
baseline,https://rust.robertdevore.com/course/09-lifetimes/,https://rust.robertdevore.com/course/,← All lessons,aside,200,https://rust.robertdevore.com/course/,0,valid,,
baseline,https://rust.robertdevore.com/course/09-lifetimes/,https://rust.robertdevore.com/course/01-start/,01 Set up your Rust workshop,li,200,https://rust.robertdevore.com/course/01-start/,0,valid,,
baseline,https://rust.robertdevore.com/course/09-lifetimes/,https://rust.robertdevore.com/course/02-values/,"02 Values, functions, and control flow",li,200,https://rust.robertdevore.com/course/02-values/,0,valid,,
baseline,https://rust.robertdevore.com/course/09-lifetimes/,https://rust.robertdevore.com/course/03-ownership/,"03 Ownership, places, and moves",li,200,https://rust.robertdevore.com/course/03-ownership/,0,valid,,
baseline,https://rust.robertdevore.com/course/09-lifetimes/,https://rust.robertdevore.com/course/04-borrowing/,04 Borrowing and reborrowing,li,200,https://rust.robertdevore.com/course/04-borrowing/,0,valid,,
baseline,https://rust.robertdevore.com/course/09-lifetimes/,https://rust.robertdevore.com/course/05-text/,"05 Strings, slices, and collections",li,200,https://rust.robertdevore.com/course/05-text/,0,valid,,
baseline,https://rust.robertdevore.com/course/09-lifetimes/,https://rust.robertdevore.com/course/06-model/,"06 Structs, enums, and useful states",li,200,https://rust.robertdevore.com/course/06-model/,0,valid,,
baseline,https://rust.robertdevore.com/course/09-lifetimes/,https://rust.robertdevore.com/course/07-errors/,07 Errors as part of the interface,li,200,https://rust.robertdevore.com/course/07-errors/,0,valid,,
baseline,https://rust.robertdevore.com/course/09-lifetimes/,https://rust.robertdevore.com/course/08-first-build/,08 Stage build: the first event counter,li,200,https://rust.robertdevore.com/course/08-first-build/,0,valid,,
baseline,https://rust.robertdevore.com/course/09-lifetimes/,https://rust.robertdevore.com/course/09-lifetimes/,09 Lifetimes describe relationships,li,200,https://rust.robertdevore.com/course/09-lifetimes/,0,valid,,
baseline,https://rust.robertdevore.com/course/09-lifetimes/,https://rust.robertdevore.com/course/10-traits/,10 Traits where abstraction earns its place,li,200,https://rust.robertdevore.com/course/10-traits/,0,valid,,
baseline,https://rust.robertdevore.com/course/09-lifetimes/,https://rust.robertdevore.com/course/11-iterators/,11 Iterators and closures without hidden ownership,li,200,https://rust.robertdevore.com/course/11-iterators/,0,valid,,
baseline,https://rust.robertdevore.com/course/09-lifetimes/,https://rust.robertdevore.com/course/12-reader/,12 Stage build: a bounded streaming library,li,200,https://rust.robertdevore.com/course/12-reader/,0,valid,,
baseline,https://rust.robertdevore.com/course/09-lifetimes/,https://rust.robertdevore.com/course/13-cargo/,"13 Cargo, modules, and dependency boundaries",li,200,https://rust.robertdevore.com/course/13-cargo/,0,valid,,
baseline,https://rust.robertdevore.com/course/09-lifetimes/,https://rust.robertdevore.com/course/14-testing/,"14 Tests, diagnostics, and complementary tools",li,200,https://rust.robertdevore.com/course/14-testing/,0,valid,,
baseline,https://rust.robertdevore.com/course/09-lifetimes/,https://rust.robertdevore.com/course/15-interior/,15 Interior mutability and shared ownership,li,200,https://rust.robertdevore.com/course/15-interior/,0,valid,,
baseline,https://rust.robertdevore.com/course/09-lifetimes/,https://rust.robertdevore.com/course/16-threads/,"16 Threads, Send, and Sync",li,200,https://rust.robertdevore.com/course/16-threads/,0,valid,,
baseline,https://rust.robertdevore.com/course/09-lifetimes/,https://rust.robertdevore.com/course/17-synchronization/,"17 Channels, locks, and shutdown",li,200,https://rust.robertdevore.com/course/17-synchronization/,0,valid,,
baseline,https://rust.robertdevore.com/course/09-lifetimes/,https://rust.robertdevore.com/course/18-atomics/,18 Atomics and memory ordering,li,200,https://rust.robertdevore.com/course/18-atomics/,0,valid,,
baseline,https://rust.robertdevore.com/course/09-lifetimes/,https://rust.robertdevore.com/course/19-futures/,19 Futures before runtimes,li,200,https://rust.robertdevore.com/course/19-futures/,0,valid,,
baseline,https://rust.robertdevore.com/course/09-lifetimes/,https://rust.robertdevore.com/course/20-async/,"20 Tokio tasks, blocking, and cancellation",li,200,https://rust.robertdevore.com/course/20-async/,0,valid,,
baseline,https://rust.robertdevore.com/course/09-lifetimes/,https://rust.robertdevore.com/course/21-pin/,21 Pin and async trait boundaries,li,200,https://rust.robertdevore.com/course/21-pin/,0,valid,,
baseline,https://rust.robertdevore.com/course/09-lifetimes/,https://rust.robertdevore.com/course/22-async-build/,22 Stage build: an async ingestion pipeline,li,200,https://rust.robertdevore.com/course/22-async-build/,0,valid,,
baseline,https://rust.robertdevore.com/course/09-lifetimes/,https://rust.robertdevore.com/course/23-unsafe/,23 Unsafe boundaries and soundness,li,200,https://rust.robertdevore.com/course/23-unsafe/,0,valid,,
baseline,https://rust.robertdevore.com/course/09-lifetimes/,https://rust.robertdevore.com/course/24-performance/,24 Measure performance and resource use,li,200,https://rust.robertdevore.com/course/24-performance/,0,valid,,
baseline,https://rust.robertdevore.com/course/09-lifetimes/,https://rust.robertdevore.com/course/25-horizon/,25 Stable Rust and the horizon,li,200,https://rust.robertdevore.com/course/25-horizon/,0,valid,,
baseline,https://rust.robertdevore.com/course/09-lifetimes/,https://rust.robertdevore.com/course/26-interop/,"26 FFI, serialization, and public contracts",li,200,https://rust.robertdevore.com/course/26-interop/,0,valid,,
baseline,https://rust.robertdevore.com/course/09-lifetimes/,https://rust.robertdevore.com/course/27-capstone/,27 Capstone: ship Fieldnotes,li,200,https://rust.robertdevore.com/course/27-capstone/,0,valid,,
baseline,https://rust.robertdevore.com/course/09-lifetimes/,https://rust.robertdevore.com/course/28-release/,"28 Release, maintain, and keep learning",li,200,https://rust.robertdevore.com/course/28-release/,0,valid,,
baseline,https://rust.robertdevore.com/course/09-lifetimes/,https://rust.robertdevore.com/course/,Course,div,200,https://rust.robertdevore.com/course/,0,valid,,
baseline,https://rust.robertdevore.com/course/09-lifetimes/,https://rust.robertdevore.com/course/08-first-build/,← Previous lesson Stage build: the first event counter,nav,200,https://rust.robertdevore.com/course/08-first-build/,0,valid,,
baseline,https://rust.robertdevore.com/course/09-lifetimes/,https://rust.robertdevore.com/course/10-traits/,Next lesson → Traits where abstraction earns its place,nav,200,https://rust.robertdevore.com/course/10-traits/,0,valid,,
baseline,https://rust.robertdevore.com/course/09-lifetimes/,https://rust.robertdevore.com/course/09-lifetimes/#a-borrowed-result-needs-a-source,A borrowed result needs a source,nav,200,https://rust.robertdevore.com/course/09-lifetimes/,0,valid,,
baseline,https://rust.robertdevore.com/course/09-lifetimes/,https://rust.robertdevore.com/course/09-lifetimes/#references-inside-structs,References inside structs,nav,200,https://rust.robertdevore.com/course/09-lifetimes/,0,valid,,
baseline,https://rust.robertdevore.com/course/09-lifetimes/,https://rust.robertdevore.com/course/09-lifetimes/#compiler-drill,Compiler drill,nav,200,https://rust.robertdevore.com/course/09-lifetimes/,0,valid,,
baseline,https://rust.robertdevore.com/course/09-lifetimes/,https://rust.robertdevore.com/course/09-lifetimes/#exercise,Exercise,nav,200,https://rust.robertdevore.com/course/09-lifetimes/,0,valid,,
baseline,https://rust.robertdevore.com/course/09-lifetimes/,https://rust.robertdevore.com/,R_ / Rust Course,footer,200,https://rust.robertdevore.com/,0,valid,,
baseline,https://rust.robertdevore.com/course/09-lifetimes/,https://rust.robertdevore.com/about/#technical-freshness,"Verified September 6, 2026",div,200,https://rust.robertdevore.com/about/,0,valid,,
baseline,https://rust.robertdevore.com/course/09-lifetimes/,https://rust.robertdevore.com/sitemap.xml,Sitemap,div,200,https://rust.robertdevore.com/sitemap.xml,0,valid,,
baseline,https://rust.robertdevore.com/course/10-traits/,https://rust.robertdevore.com/course/10-traits/#main,Skip to content,body,200,https://rust.robertdevore.com/course/10-traits/,0,valid,,
baseline,https://rust.robertdevore.com/course/10-traits/,https://rust.robertdevore.com/,Rust / the practical course,header,200,https://rust.robertdevore.com/,0,valid,,
baseline,https://rust.robertdevore.com/course/10-traits/,https://rust.robertdevore.com/course/,Curriculum,nav,200,https://rust.robertdevore.com/course/,0,valid,,
baseline,https://rust.robertdevore.com/course/10-traits/,https://rust.robertdevore.com/practice/,Practice,nav,200,https://rust.robertdevore.com/practice/,0,valid,,
baseline,https://rust.robertdevore.com/course/10-traits/,https://rust.robertdevore.com/about/,About,nav,200,https://rust.robertdevore.com/about/,0,valid,,
baseline,https://rust.robertdevore.com/course/10-traits/,https://rust.robertdevore.com/course/,← All lessons,aside,200,https://rust.robertdevore.com/course/,0,valid,,
baseline,https://rust.robertdevore.com/course/10-traits/,https://rust.robertdevore.com/course/01-start/,01 Set up your Rust workshop,li,200,https://rust.robertdevore.com/course/01-start/,0,valid,,
baseline,https://rust.robertdevore.com/course/10-traits/,https://rust.robertdevore.com/course/02-values/,"02 Values, functions, and control flow",li,200,https://rust.robertdevore.com/course/02-values/,0,valid,,
baseline,https://rust.robertdevore.com/course/10-traits/,https://rust.robertdevore.com/course/03-ownership/,"03 Ownership, places, and moves",li,200,https://rust.robertdevore.com/course/03-ownership/,0,valid,,
baseline,https://rust.robertdevore.com/course/10-traits/,https://rust.robertdevore.com/course/04-borrowing/,04 Borrowing and reborrowing,li,200,https://rust.robertdevore.com/course/04-borrowing/,0,valid,,
baseline,https://rust.robertdevore.com/course/10-traits/,https://rust.robertdevore.com/course/05-text/,"05 Strings, slices, and collections",li,200,https://rust.robertdevore.com/course/05-text/,0,valid,,
baseline,https://rust.robertdevore.com/course/10-traits/,https://rust.robertdevore.com/course/06-model/,"06 Structs, enums, and useful states",li,200,https://rust.robertdevore.com/course/06-model/,0,valid,,
baseline,https://rust.robertdevore.com/course/10-traits/,https://rust.robertdevore.com/course/07-errors/,07 Errors as part of the interface,li,200,https://rust.robertdevore.com/course/07-errors/,0,valid,,
baseline,https://rust.robertdevore.com/course/10-traits/,https://rust.robertdevore.com/course/08-first-build/,08 Stage build: the first event counter,li,200,https://rust.robertdevore.com/course/08-first-build/,0,valid,,
baseline,https://rust.robertdevore.com/course/10-traits/,https://rust.robertdevore.com/course/09-lifetimes/,09 Lifetimes describe relationships,li,200,https://rust.robertdevore.com/course/09-lifetimes/,0,valid,,
baseline,https://rust.robertdevore.com/course/10-traits/,https://rust.robertdevore.com/course/10-traits/,10 Traits where abstraction earns its place,li,200,https://rust.robertdevore.com/course/10-traits/,0,valid,,
baseline,https://rust.robertdevore.com/course/10-traits/,https://rust.robertdevore.com/course/11-iterators/,11 Iterators and closures without hidden ownership,li,200,https://rust.robertdevore.com/course/11-iterators/,0,valid,,
baseline,https://rust.robertdevore.com/course/10-traits/,https://rust.robertdevore.com/course/12-reader/,12 Stage build: a bounded streaming library,li,200,https://rust.robertdevore.com/course/12-reader/,0,valid,,
baseline,https://rust.robertdevore.com/course/10-traits/,https://rust.robertdevore.com/course/13-cargo/,"13 Cargo, modules, and dependency boundaries",li,200,https://rust.robertdevore.com/course/13-cargo/,0,valid,,
baseline,https://rust.robertdevore.com/course/10-traits/,https://rust.robertdevore.com/course/14-testing/,"14 Tests, diagnostics, and complementary tools",li,200,https://rust.robertdevore.com/course/14-testing/,0,valid,,
baseline,https://rust.robertdevore.com/course/10-traits/,https://rust.robertdevore.com/course/15-interior/,15 Interior mutability and shared ownership,li,200,https://rust.robertdevore.com/course/15-interior/,0,valid,,
baseline,https://rust.robertdevore.com/course/10-traits/,https://rust.robertdevore.com/course/16-threads/,"16 Threads, Send, and Sync",li,200,https://rust.robertdevore.com/course/16-threads/,0,valid,,
baseline,https://rust.robertdevore.com/course/10-traits/,https://rust.robertdevore.com/course/17-synchronization/,"17 Channels, locks, and shutdown",li,200,https://rust.robertdevore.com/course/17-synchronization/,0,valid,,
baseline,https://rust.robertdevore.com/course/10-traits/,https://rust.robertdevore.com/course/18-atomics/,18 Atomics and memory ordering,li,200,https://rust.robertdevore.com/course/18-atomics/,0,valid,,
baseline,https://rust.robertdevore.com/course/10-traits/,https://rust.robertdevore.com/course/19-futures/,19 Futures before runtimes,li,200,https://rust.robertdevore.com/course/19-futures/,0,valid,,
baseline,https://rust.robertdevore.com/course/10-traits/,https://rust.robertdevore.com/course/20-async/,"20 Tokio tasks, blocking, and cancellation",li,200,https://rust.robertdevore.com/course/20-async/,0,valid,,
baseline,https://rust.robertdevore.com/course/10-traits/,https://rust.robertdevore.com/course/21-pin/,21 Pin and async trait boundaries,li,200,https://rust.robertdevore.com/course/21-pin/,0,valid,,
baseline,https://rust.robertdevore.com/course/10-traits/,https://rust.robertdevore.com/course/22-async-build/,22 Stage build: an async ingestion pipeline,li,200,https://rust.robertdevore.com/course/22-async-build/,0,valid,,
baseline,https://rust.robertdevore.com/course/10-traits/,https://rust.robertdevore.com/course/23-unsafe/,23 Unsafe boundaries and soundness,li,200,https://rust.robertdevore.com/course/23-unsafe/,0,valid,,
baseline,https://rust.robertdevore.com/course/10-traits/,https://rust.robertdevore.com/course/24-performance/,24 Measure performance and resource use,li,200,https://rust.robertdevore.com/course/24-performance/,0,valid,,
baseline,https://rust.robertdevore.com/course/10-traits/,https://rust.robertdevore.com/course/25-horizon/,25 Stable Rust and the horizon,li,200,https://rust.robertdevore.com/course/25-horizon/,0,valid,,
baseline,https://rust.robertdevore.com/course/10-traits/,https://rust.robertdevore.com/course/26-interop/,"26 FFI, serialization, and public contracts",li,200,https://rust.robertdevore.com/course/26-interop/,0,valid,,
baseline,https://rust.robertdevore.com/course/10-traits/,https://rust.robertdevore.com/course/27-capstone/,27 Capstone: ship Fieldnotes,li,200,https://rust.robertdevore.com/course/27-capstone/,0,valid,,
baseline,https://rust.robertdevore.com/course/10-traits/,https://rust.robertdevore.com/course/28-release/,"28 Release, maintain, and keep learning",li,200,https://rust.robertdevore.com/course/28-release/,0,valid,,
baseline,https://rust.robertdevore.com/course/10-traits/,https://rust.robertdevore.com/course/,Course,div,200,https://rust.robertdevore.com/course/,0,valid,,
baseline,https://rust.robertdevore.com/course/10-traits/,https://rust.robertdevore.com/course/09-lifetimes/,← Previous lesson Lifetimes describe relationships,nav,200,https://rust.robertdevore.com/course/09-lifetimes/,0,valid,,
baseline,https://rust.robertdevore.com/course/10-traits/,https://rust.robertdevore.com/course/11-iterators/,Next lesson → Iterators and closures without hidden ownership,nav,200,https://rust.robertdevore.com/course/11-iterators/,0,valid,,
baseline,https://rust.robertdevore.com/course/10-traits/,https://rust.robertdevore.com/course/10-traits/#start-from-a-useful-boundary,Start from a useful boundary,nav,200,https://rust.robertdevore.com/course/10-traits/,0,valid,,
baseline,https://rust.robertdevore.com/course/10-traits/,https://rust.robertdevore.com/course/10-traits/#associated-types-carry-a-relationship,Associated types carry a relationship,nav,200,https://rust.robertdevore.com/course/10-traits/,0,valid,,
baseline,https://rust.robertdevore.com/course/10-traits/,https://rust.robertdevore.com/course/10-traits/#dyn-compatibility-is-a-checked-contract,Dyn compatibility is a checked contract,nav,200,https://rust.robertdevore.com/course/10-traits/,0,valid,,
baseline,https://rust.robertdevore.com/course/10-traits/,https://rust.robertdevore.com/course/10-traits/#exercise,Exercise,nav,200,https://rust.robertdevore.com/course/10-traits/,0,valid,,
baseline,https://rust.robertdevore.com/course/10-traits/,https://rust.robertdevore.com/,R_ / Rust Course,footer,200,https://rust.robertdevore.com/,0,valid,,
baseline,https://rust.robertdevore.com/course/10-traits/,https://rust.robertdevore.com/about/#technical-freshness,"Verified September 6, 2026",div,200,https://rust.robertdevore.com/about/,0,valid,,
baseline,https://rust.robertdevore.com/course/10-traits/,https://rust.robertdevore.com/sitemap.xml,Sitemap,div,200,https://rust.robertdevore.com/sitemap.xml,0,valid,,
baseline,https://rust.robertdevore.com/course/11-iterators/,https://rust.robertdevore.com/course/11-iterators/#main,Skip to content,body,200,https://rust.robertdevore.com/course/11-iterators/,0,valid,,
baseline,https://rust.robertdevore.com/course/11-iterators/,https://rust.robertdevore.com/,Rust / the practical course,header,200,https://rust.robertdevore.com/,0,valid,,
baseline,https://rust.robertdevore.com/course/11-iterators/,https://rust.robertdevore.com/course/,Curriculum,nav,200,https://rust.robertdevore.com/course/,0,valid,,
baseline,https://rust.robertdevore.com/course/11-iterators/,https://rust.robertdevore.com/practice/,Practice,nav,200,https://rust.robertdevore.com/practice/,0,valid,,
baseline,https://rust.robertdevore.com/course/11-iterators/,https://rust.robertdevore.com/about/,About,nav,200,https://rust.robertdevore.com/about/,0,valid,,
baseline,https://rust.robertdevore.com/course/11-iterators/,https://rust.robertdevore.com/course/,← All lessons,aside,200,https://rust.robertdevore.com/course/,0,valid,,
baseline,https://rust.robertdevore.com/course/11-iterators/,https://rust.robertdevore.com/course/01-start/,01 Set up your Rust workshop,li,200,https://rust.robertdevore.com/course/01-start/,0,valid,,
baseline,https://rust.robertdevore.com/course/11-iterators/,https://rust.robertdevore.com/course/02-values/,"02 Values, functions, and control flow",li,200,https://rust.robertdevore.com/course/02-values/,0,valid,,
baseline,https://rust.robertdevore.com/course/11-iterators/,https://rust.robertdevore.com/course/03-ownership/,"03 Ownership, places, and moves",li,200,https://rust.robertdevore.com/course/03-ownership/,0,valid,,
baseline,https://rust.robertdevore.com/course/11-iterators/,https://rust.robertdevore.com/course/04-borrowing/,04 Borrowing and reborrowing,li,200,https://rust.robertdevore.com/course/04-borrowing/,0,valid,,
baseline,https://rust.robertdevore.com/course/11-iterators/,https://rust.robertdevore.com/course/05-text/,"05 Strings, slices, and collections",li,200,https://rust.robertdevore.com/course/05-text/,0,valid,,
baseline,https://rust.robertdevore.com/course/11-iterators/,https://rust.robertdevore.com/course/06-model/,"06 Structs, enums, and useful states",li,200,https://rust.robertdevore.com/course/06-model/,0,valid,,
baseline,https://rust.robertdevore.com/course/11-iterators/,https://rust.robertdevore.com/course/07-errors/,07 Errors as part of the interface,li,200,https://rust.robertdevore.com/course/07-errors/,0,valid,,
baseline,https://rust.robertdevore.com/course/11-iterators/,https://rust.robertdevore.com/course/08-first-build/,08 Stage build: the first event counter,li,200,https://rust.robertdevore.com/course/08-first-build/,0,valid,,
baseline,https://rust.robertdevore.com/course/11-iterators/,https://rust.robertdevore.com/course/09-lifetimes/,09 Lifetimes describe relationships,li,200,https://rust.robertdevore.com/course/09-lifetimes/,0,valid,,
baseline,https://rust.robertdevore.com/course/11-iterators/,https://rust.robertdevore.com/course/10-traits/,10 Traits where abstraction earns its place,li,200,https://rust.robertdevore.com/course/10-traits/,0,valid,,
baseline,https://rust.robertdevore.com/course/11-iterators/,https://rust.robertdevore.com/course/11-iterators/,11 Iterators and closures without hidden ownership,li,200,https://rust.robertdevore.com/course/11-iterators/,0,valid,,
baseline,https://rust.robertdevore.com/course/11-iterators/,https://rust.robertdevore.com/course/12-reader/,12 Stage build: a bounded streaming library,li,200,https://rust.robertdevore.com/course/12-reader/,0,valid,,
baseline,https://rust.robertdevore.com/course/11-iterators/,https://rust.robertdevore.com/course/13-cargo/,"13 Cargo, modules, and dependency boundaries",li,200,https://rust.robertdevore.com/course/13-cargo/,0,valid,,
baseline,https://rust.robertdevore.com/course/11-iterators/,https://rust.robertdevore.com/course/14-testing/,"14 Tests, diagnostics, and complementary tools",li,200,https://rust.robertdevore.com/course/14-testing/,0,valid,,
baseline,https://rust.robertdevore.com/course/11-iterators/,https://rust.robertdevore.com/course/15-interior/,15 Interior mutability and shared ownership,li,200,https://rust.robertdevore.com/course/15-interior/,0,valid,,
baseline,https://rust.robertdevore.com/course/11-iterators/,https://rust.robertdevore.com/course/16-threads/,"16 Threads, Send, and Sync",li,200,https://rust.robertdevore.com/course/16-threads/,0,valid,,
baseline,https://rust.robertdevore.com/course/11-iterators/,https://rust.robertdevore.com/course/17-synchronization/,"17 Channels, locks, and shutdown",li,200,https://rust.robertdevore.com/course/17-synchronization/,0,valid,,
baseline,https://rust.robertdevore.com/course/11-iterators/,https://rust.robertdevore.com/course/18-atomics/,18 Atomics and memory ordering,li,200,https://rust.robertdevore.com/course/18-atomics/,0,valid,,
baseline,https://rust.robertdevore.com/course/11-iterators/,https://rust.robertdevore.com/course/19-futures/,19 Futures before runtimes,li,200,https://rust.robertdevore.com/course/19-futures/,0,valid,,
baseline,https://rust.robertdevore.com/course/11-iterators/,https://rust.robertdevore.com/course/20-async/,"20 Tokio tasks, blocking, and cancellation",li,200,https://rust.robertdevore.com/course/20-async/,0,valid,,
baseline,https://rust.robertdevore.com/course/11-iterators/,https://rust.robertdevore.com/course/21-pin/,21 Pin and async trait boundaries,li,200,https://rust.robertdevore.com/course/21-pin/,0,valid,,
baseline,https://rust.robertdevore.com/course/11-iterators/,https://rust.robertdevore.com/course/22-async-build/,22 Stage build: an async ingestion pipeline,li,200,https://rust.robertdevore.com/course/22-async-build/,0,valid,,
baseline,https://rust.robertdevore.com/course/11-iterators/,https://rust.robertdevore.com/course/23-unsafe/,23 Unsafe boundaries and soundness,li,200,https://rust.robertdevore.com/course/23-unsafe/,0,valid,,
baseline,https://rust.robertdevore.com/course/11-iterators/,https://rust.robertdevore.com/course/24-performance/,24 Measure performance and resource use,li,200,https://rust.robertdevore.com/course/24-performance/,0,valid,,
baseline,https://rust.robertdevore.com/course/11-iterators/,https://rust.robertdevore.com/course/25-horizon/,25 Stable Rust and the horizon,li,200,https://rust.robertdevore.com/course/25-horizon/,0,valid,,
baseline,https://rust.robertdevore.com/course/11-iterators/,https://rust.robertdevore.com/course/26-interop/,"26 FFI, serialization, and public contracts",li,200,https://rust.robertdevore.com/course/26-interop/,0,valid,,
baseline,https://rust.robertdevore.com/course/11-iterators/,https://rust.robertdevore.com/course/27-capstone/,27 Capstone: ship Fieldnotes,li,200,https://rust.robertdevore.com/course/27-capstone/,0,valid,,
baseline,https://rust.robertdevore.com/course/11-iterators/,https://rust.robertdevore.com/course/28-release/,"28 Release, maintain, and keep learning",li,200,https://rust.robertdevore.com/course/28-release/,0,valid,,
baseline,https://rust.robertdevore.com/course/11-iterators/,https://rust.robertdevore.com/course/,Course,div,200,https://rust.robertdevore.com/course/,0,valid,,
baseline,https://rust.robertdevore.com/course/11-iterators/,https://rust.robertdevore.com/course/10-traits/,← Previous lesson Traits where abstraction earns its place,nav,200,https://rust.robertdevore.com/course/10-traits/,0,valid,,
baseline,https://rust.robertdevore.com/course/11-iterators/,https://rust.robertdevore.com/course/12-reader/,Next lesson → Stage build: a bounded streaming library,nav,200,https://rust.robertdevore.com/course/12-reader/,0,valid,,
baseline,https://rust.robertdevore.com/course/11-iterators/,https://rust.robertdevore.com/course/11-iterators/#an-iterator-describes-a-sequence-of-steps,An iterator describes a sequence of steps,nav,200,https://rust.robertdevore.com/course/11-iterators/,0,valid,,
baseline,https://rust.robertdevore.com/course/11-iterators/,https://rust.robertdevore.com/course/11-iterators/#closures-capture-what-they-need,Closures capture what they need,nav,200,https://rust.robertdevore.com/course/11-iterators/,0,valid,,
baseline,https://rust.robertdevore.com/course/11-iterators/,https://rust.robertdevore.com/course/11-iterators/#prefer-understandable-data-flow,Prefer understandable data flow,nav,200,https://rust.robertdevore.com/course/11-iterators/,0,valid,,
baseline,https://rust.robertdevore.com/course/11-iterators/,https://rust.robertdevore.com/course/11-iterators/#exercise,Exercise,nav,200,https://rust.robertdevore.com/course/11-iterators/,0,valid,,
baseline,https://rust.robertdevore.com/course/11-iterators/,https://rust.robertdevore.com/,R_ / Rust Course,footer,200,https://rust.robertdevore.com/,0,valid,,
baseline,https://rust.robertdevore.com/course/11-iterators/,https://rust.robertdevore.com/about/#technical-freshness,"Verified September 6, 2026",div,200,https://rust.robertdevore.com/about/,0,valid,,
baseline,https://rust.robertdevore.com/course/11-iterators/,https://rust.robertdevore.com/sitemap.xml,Sitemap,div,200,https://rust.robertdevore.com/sitemap.xml,0,valid,,
baseline,https://rust.robertdevore.com/course/12-reader/,https://rust.robertdevore.com/course/12-reader/#main,Skip to content,body,200,https://rust.robertdevore.com/course/12-reader/,0,valid,,
baseline,https://rust.robertdevore.com/course/12-reader/,https://rust.robertdevore.com/,Rust / the practical course,header,200,https://rust.robertdevore.com/,0,valid,,
baseline,https://rust.robertdevore.com/course/12-reader/,https://rust.robertdevore.com/course/,Curriculum,nav,200,https://rust.robertdevore.com/course/,0,valid,,
baseline,https://rust.robertdevore.com/course/12-reader/,https://rust.robertdevore.com/practice/,Practice,nav,200,https://rust.robertdevore.com/practice/,0,valid,,
baseline,https://rust.robertdevore.com/course/12-reader/,https://rust.robertdevore.com/about/,About,nav,200,https://rust.robertdevore.com/about/,0,valid,,
baseline,https://rust.robertdevore.com/course/12-reader/,https://rust.robertdevore.com/course/,← All lessons,aside,200,https://rust.robertdevore.com/course/,0,valid,,
baseline,https://rust.robertdevore.com/course/12-reader/,https://rust.robertdevore.com/course/01-start/,01 Set up your Rust workshop,li,200,https://rust.robertdevore.com/course/01-start/,0,valid,,
baseline,https://rust.robertdevore.com/course/12-reader/,https://rust.robertdevore.com/course/02-values/,"02 Values, functions, and control flow",li,200,https://rust.robertdevore.com/course/02-values/,0,valid,,
baseline,https://rust.robertdevore.com/course/12-reader/,https://rust.robertdevore.com/course/03-ownership/,"03 Ownership, places, and moves",li,200,https://rust.robertdevore.com/course/03-ownership/,0,valid,,
baseline,https://rust.robertdevore.com/course/12-reader/,https://rust.robertdevore.com/course/04-borrowing/,04 Borrowing and reborrowing,li,200,https://rust.robertdevore.com/course/04-borrowing/,0,valid,,
baseline,https://rust.robertdevore.com/course/12-reader/,https://rust.robertdevore.com/course/05-text/,"05 Strings, slices, and collections",li,200,https://rust.robertdevore.com/course/05-text/,0,valid,,
baseline,https://rust.robertdevore.com/course/12-reader/,https://rust.robertdevore.com/course/06-model/,"06 Structs, enums, and useful states",li,200,https://rust.robertdevore.com/course/06-model/,0,valid,,
baseline,https://rust.robertdevore.com/course/12-reader/,https://rust.robertdevore.com/course/07-errors/,07 Errors as part of the interface,li,200,https://rust.robertdevore.com/course/07-errors/,0,valid,,
baseline,https://rust.robertdevore.com/course/12-reader/,https://rust.robertdevore.com/course/08-first-build/,08 Stage build: the first event counter,li,200,https://rust.robertdevore.com/course/08-first-build/,0,valid,,
baseline,https://rust.robertdevore.com/course/12-reader/,https://rust.robertdevore.com/course/09-lifetimes/,09 Lifetimes describe relationships,li,200,https://rust.robertdevore.com/course/09-lifetimes/,0,valid,,
baseline,https://rust.robertdevore.com/course/12-reader/,https://rust.robertdevore.com/course/10-traits/,10 Traits where abstraction earns its place,li,200,https://rust.robertdevore.com/course/10-traits/,0,valid,,
baseline,https://rust.robertdevore.com/course/12-reader/,https://rust.robertdevore.com/course/11-iterators/,11 Iterators and closures without hidden ownership,li,200,https://rust.robertdevore.com/course/11-iterators/,0,valid,,
baseline,https://rust.robertdevore.com/course/12-reader/,https://rust.robertdevore.com/course/12-reader/,12 Stage build: a bounded streaming library,li,200,https://rust.robertdevore.com/course/12-reader/,0,valid,,
baseline,https://rust.robertdevore.com/course/12-reader/,https://rust.robertdevore.com/course/13-cargo/,"13 Cargo, modules, and dependency boundaries",li,200,https://rust.robertdevore.com/course/13-cargo/,0,valid,,
baseline,https://rust.robertdevore.com/course/12-reader/,https://rust.robertdevore.com/course/14-testing/,"14 Tests, diagnostics, and complementary tools",li,200,https://rust.robertdevore.com/course/14-testing/,0,valid,,
baseline,https://rust.robertdevore.com/course/12-reader/,https://rust.robertdevore.com/course/15-interior/,15 Interior mutability and shared ownership,li,200,https://rust.robertdevore.com/course/15-interior/,0,valid,,
baseline,https://rust.robertdevore.com/course/12-reader/,https://rust.robertdevore.com/course/16-threads/,"16 Threads, Send, and Sync",li,200,https://rust.robertdevore.com/course/16-threads/,0,valid,,
baseline,https://rust.robertdevore.com/course/12-reader/,https://rust.robertdevore.com/course/17-synchronization/,"17 Channels, locks, and shutdown",li,200,https://rust.robertdevore.com/course/17-synchronization/,0,valid,,
baseline,https://rust.robertdevore.com/course/12-reader/,https://rust.robertdevore.com/course/18-atomics/,18 Atomics and memory ordering,li,200,https://rust.robertdevore.com/course/18-atomics/,0,valid,,
baseline,https://rust.robertdevore.com/course/12-reader/,https://rust.robertdevore.com/course/19-futures/,19 Futures before runtimes,li,200,https://rust.robertdevore.com/course/19-futures/,0,valid,,
baseline,https://rust.robertdevore.com/course/12-reader/,https://rust.robertdevore.com/course/20-async/,"20 Tokio tasks, blocking, and cancellation",li,200,https://rust.robertdevore.com/course/20-async/,0,valid,,
baseline,https://rust.robertdevore.com/course/12-reader/,https://rust.robertdevore.com/course/21-pin/,21 Pin and async trait boundaries,li,200,https://rust.robertdevore.com/course/21-pin/,0,valid,,
baseline,https://rust.robertdevore.com/course/12-reader/,https://rust.robertdevore.com/course/22-async-build/,22 Stage build: an async ingestion pipeline,li,200,https://rust.robertdevore.com/course/22-async-build/,0,valid,,
baseline,https://rust.robertdevore.com/course/12-reader/,https://rust.robertdevore.com/course/23-unsafe/,23 Unsafe boundaries and soundness,li,200,https://rust.robertdevore.com/course/23-unsafe/,0,valid,,
baseline,https://rust.robertdevore.com/course/12-reader/,https://rust.robertdevore.com/course/24-performance/,24 Measure performance and resource use,li,200,https://rust.robertdevore.com/course/24-performance/,0,valid,,
baseline,https://rust.robertdevore.com/course/12-reader/,https://rust.robertdevore.com/course/25-horizon/,25 Stable Rust and the horizon,li,200,https://rust.robertdevore.com/course/25-horizon/,0,valid,,
baseline,https://rust.robertdevore.com/course/12-reader/,https://rust.robertdevore.com/course/26-interop/,"26 FFI, serialization, and public contracts",li,200,https://rust.robertdevore.com/course/26-interop/,0,valid,,
baseline,https://rust.robertdevore.com/course/12-reader/,https://rust.robertdevore.com/course/27-capstone/,27 Capstone: ship Fieldnotes,li,200,https://rust.robertdevore.com/course/27-capstone/,0,valid,,
baseline,https://rust.robertdevore.com/course/12-reader/,https://rust.robertdevore.com/course/28-release/,"28 Release, maintain, and keep learning",li,200,https://rust.robertdevore.com/course/28-release/,0,valid,,
baseline,https://rust.robertdevore.com/course/12-reader/,https://rust.robertdevore.com/course/,Course,div,200,https://rust.robertdevore.com/course/,0,valid,,
baseline,https://rust.robertdevore.com/course/12-reader/,https://rust.robertdevore.com/course/11-iterators/,← Previous lesson Iterators and closures without hidden ownership,nav,200,https://rust.robertdevore.com/course/11-iterators/,0,valid,,
baseline,https://rust.robertdevore.com/course/12-reader/,https://rust.robertdevore.com/course/13-cargo/,"Next lesson → Cargo, modules, and dependency boundaries",nav,200,https://rust.robertdevore.com/course/13-cargo/,0,valid,,
baseline,https://rust.robertdevore.com/course/12-reader/,https://rust.robertdevore.com/course/12-reader/#build-brief,Build brief,nav,200,https://rust.robertdevore.com/course/12-reader/,0,valid,,
baseline,https://rust.robertdevore.com/course/12-reader/,https://rust.robertdevore.com/course/12-reader/#why-the-reader-and-parser-are-separate,Why the reader and parser are separate,nav,200,https://rust.robertdevore.com/course/12-reader/,0,valid,,
baseline,https://rust.robertdevore.com/course/12-reader/,https://rust.robertdevore.com/course/12-reader/#limit-before-accumulation,Limit before accumulation,nav,200,https://rust.robertdevore.com/course/12-reader/,0,valid,,
baseline,https://rust.robertdevore.com/course/12-reader/,https://rust.robertdevore.com/course/12-reader/#exercise,Exercise,nav,200,https://rust.robertdevore.com/course/12-reader/,0,valid,,
baseline,https://rust.robertdevore.com/course/12-reader/,https://rust.robertdevore.com/course/12-reader/#review-the-api,Review the API,nav,200,https://rust.robertdevore.com/course/12-reader/,0,valid,,
baseline,https://rust.robertdevore.com/course/12-reader/,https://rust.robertdevore.com/,R_ / Rust Course,footer,200,https://rust.robertdevore.com/,0,valid,,
baseline,https://rust.robertdevore.com/course/12-reader/,https://rust.robertdevore.com/about/#technical-freshness,"Verified September 6, 2026",div,200,https://rust.robertdevore.com/about/,0,valid,,
baseline,https://rust.robertdevore.com/course/12-reader/,https://rust.robertdevore.com/sitemap.xml,Sitemap,div,200,https://rust.robertdevore.com/sitemap.xml,0,valid,,
baseline,https://rust.robertdevore.com/course/13-cargo/,https://rust.robertdevore.com/course/13-cargo/#main,Skip to content,body,200,https://rust.robertdevore.com/course/13-cargo/,0,valid,,
baseline,https://rust.robertdevore.com/course/13-cargo/,https://rust.robertdevore.com/,Rust / the practical course,header,200,https://rust.robertdevore.com/,0,valid,,
baseline,https://rust.robertdevore.com/course/13-cargo/,https://rust.robertdevore.com/course/,Curriculum,nav,200,https://rust.robertdevore.com/course/,0,valid,,
baseline,https://rust.robertdevore.com/course/13-cargo/,https://rust.robertdevore.com/practice/,Practice,nav,200,https://rust.robertdevore.com/practice/,0,valid,,
baseline,https://rust.robertdevore.com/course/13-cargo/,https://rust.robertdevore.com/about/,About,nav,200,https://rust.robertdevore.com/about/,0,valid,,
baseline,https://rust.robertdevore.com/course/13-cargo/,https://rust.robertdevore.com/course/,← All lessons,aside,200,https://rust.robertdevore.com/course/,0,valid,,
baseline,https://rust.robertdevore.com/course/13-cargo/,https://rust.robertdevore.com/course/01-start/,01 Set up your Rust workshop,li,200,https://rust.robertdevore.com/course/01-start/,0,valid,,
baseline,https://rust.robertdevore.com/course/13-cargo/,https://rust.robertdevore.com/course/02-values/,"02 Values, functions, and control flow",li,200,https://rust.robertdevore.com/course/02-values/,0,valid,,
baseline,https://rust.robertdevore.com/course/13-cargo/,https://rust.robertdevore.com/course/03-ownership/,"03 Ownership, places, and moves",li,200,https://rust.robertdevore.com/course/03-ownership/,0,valid,,
baseline,https://rust.robertdevore.com/course/13-cargo/,https://rust.robertdevore.com/course/04-borrowing/,04 Borrowing and reborrowing,li,200,https://rust.robertdevore.com/course/04-borrowing/,0,valid,,
baseline,https://rust.robertdevore.com/course/13-cargo/,https://rust.robertdevore.com/course/05-text/,"05 Strings, slices, and collections",li,200,https://rust.robertdevore.com/course/05-text/,0,valid,,
baseline,https://rust.robertdevore.com/course/13-cargo/,https://rust.robertdevore.com/course/06-model/,"06 Structs, enums, and useful states",li,200,https://rust.robertdevore.com/course/06-model/,0,valid,,
baseline,https://rust.robertdevore.com/course/13-cargo/,https://rust.robertdevore.com/course/07-errors/,07 Errors as part of the interface,li,200,https://rust.robertdevore.com/course/07-errors/,0,valid,,
baseline,https://rust.robertdevore.com/course/13-cargo/,https://rust.robertdevore.com/course/08-first-build/,08 Stage build: the first event counter,li,200,https://rust.robertdevore.com/course/08-first-build/,0,valid,,
baseline,https://rust.robertdevore.com/course/13-cargo/,https://rust.robertdevore.com/course/09-lifetimes/,09 Lifetimes describe relationships,li,200,https://rust.robertdevore.com/course/09-lifetimes/,0,valid,,
baseline,https://rust.robertdevore.com/course/13-cargo/,https://rust.robertdevore.com/course/10-traits/,10 Traits where abstraction earns its place,li,200,https://rust.robertdevore.com/course/10-traits/,0,valid,,
baseline,https://rust.robertdevore.com/course/13-cargo/,https://rust.robertdevore.com/course/11-iterators/,11 Iterators and closures without hidden ownership,li,200,https://rust.robertdevore.com/course/11-iterators/,0,valid,,
baseline,https://rust.robertdevore.com/course/13-cargo/,https://rust.robertdevore.com/course/12-reader/,12 Stage build: a bounded streaming library,li,200,https://rust.robertdevore.com/course/12-reader/,0,valid,,
baseline,https://rust.robertdevore.com/course/13-cargo/,https://rust.robertdevore.com/course/13-cargo/,"13 Cargo, modules, and dependency boundaries",li,200,https://rust.robertdevore.com/course/13-cargo/,0,valid,,
baseline,https://rust.robertdevore.com/course/13-cargo/,https://rust.robertdevore.com/course/14-testing/,"14 Tests, diagnostics, and complementary tools",li,200,https://rust.robertdevore.com/course/14-testing/,0,valid,,
baseline,https://rust.robertdevore.com/course/13-cargo/,https://rust.robertdevore.com/course/15-interior/,15 Interior mutability and shared ownership,li,200,https://rust.robertdevore.com/course/15-interior/,0,valid,,
baseline,https://rust.robertdevore.com/course/13-cargo/,https://rust.robertdevore.com/course/16-threads/,"16 Threads, Send, and Sync",li,200,https://rust.robertdevore.com/course/16-threads/,0,valid,,
baseline,https://rust.robertdevore.com/course/13-cargo/,https://rust.robertdevore.com/course/17-synchronization/,"17 Channels, locks, and shutdown",li,200,https://rust.robertdevore.com/course/17-synchronization/,0,valid,,
baseline,https://rust.robertdevore.com/course/13-cargo/,https://rust.robertdevore.com/course/18-atomics/,18 Atomics and memory ordering,li,200,https://rust.robertdevore.com/course/18-atomics/,0,valid,,
baseline,https://rust.robertdevore.com/course/13-cargo/,https://rust.robertdevore.com/course/19-futures/,19 Futures before runtimes,li,200,https://rust.robertdevore.com/course/19-futures/,0,valid,,
baseline,https://rust.robertdevore.com/course/13-cargo/,https://rust.robertdevore.com/course/20-async/,"20 Tokio tasks, blocking, and cancellation",li,200,https://rust.robertdevore.com/course/20-async/,0,valid,,
baseline,https://rust.robertdevore.com/course/13-cargo/,https://rust.robertdevore.com/course/21-pin/,21 Pin and async trait boundaries,li,200,https://rust.robertdevore.com/course/21-pin/,0,valid,,
baseline,https://rust.robertdevore.com/course/13-cargo/,https://rust.robertdevore.com/course/22-async-build/,22 Stage build: an async ingestion pipeline,li,200,https://rust.robertdevore.com/course/22-async-build/,0,valid,,
baseline,https://rust.robertdevore.com/course/13-cargo/,https://rust.robertdevore.com/course/23-unsafe/,23 Unsafe boundaries and soundness,li,200,https://rust.robertdevore.com/course/23-unsafe/,0,valid,,
baseline,https://rust.robertdevore.com/course/13-cargo/,https://rust.robertdevore.com/course/24-performance/,24 Measure performance and resource use,li,200,https://rust.robertdevore.com/course/24-performance/,0,valid,,
baseline,https://rust.robertdevore.com/course/13-cargo/,https://rust.robertdevore.com/course/25-horizon/,25 Stable Rust and the horizon,li,200,https://rust.robertdevore.com/course/25-horizon/,0,valid,,
baseline,https://rust.robertdevore.com/course/13-cargo/,https://rust.robertdevore.com/course/26-interop/,"26 FFI, serialization, and public contracts",li,200,https://rust.robertdevore.com/course/26-interop/,0,valid,,
baseline,https://rust.robertdevore.com/course/13-cargo/,https://rust.robertdevore.com/course/27-capstone/,27 Capstone: ship Fieldnotes,li,200,https://rust.robertdevore.com/course/27-capstone/,0,valid,,
baseline,https://rust.robertdevore.com/course/13-cargo/,https://rust.robertdevore.com/course/28-release/,"28 Release, maintain, and keep learning",li,200,https://rust.robertdevore.com/course/28-release/,0,valid,,
baseline,https://rust.robertdevore.com/course/13-cargo/,https://rust.robertdevore.com/course/,Course,div,200,https://rust.robertdevore.com/course/,0,valid,,
baseline,https://rust.robertdevore.com/course/13-cargo/,https://rust.robertdevore.com/course/12-reader/,← Previous lesson Stage build: a bounded streaming library,nav,200,https://rust.robertdevore.com/course/12-reader/,0,valid,,
baseline,https://rust.robertdevore.com/course/13-cargo/,https://rust.robertdevore.com/course/14-testing/,"Next lesson → Tests, diagnostics, and complementary tools",nav,200,https://rust.robertdevore.com/course/14-testing/,0,valid,,
baseline,https://rust.robertdevore.com/course/13-cargo/,https://rust.robertdevore.com/course/13-cargo/#package-crate-module-workspace,"Package, crate, module, workspace",nav,200,https://rust.robertdevore.com/course/13-cargo/,0,valid,,
baseline,https://rust.robertdevore.com/course/13-cargo/,https://rust.robertdevore.com/course/13-cargo/#resolver-and-feature-decisions,Resolver and feature decisions,nav,200,https://rust.robertdevore.com/course/13-cargo/,0,valid,,
baseline,https://rust.robertdevore.com/course/13-cargo/,https://rust.robertdevore.com/course/13-cargo/#lock-and-update-deliberately,Lock and update deliberately,nav,200,https://rust.robertdevore.com/course/13-cargo/,0,valid,,
baseline,https://rust.robertdevore.com/course/13-cargo/,https://rust.robertdevore.com/course/13-cargo/#exercise,Exercise,nav,200,https://rust.robertdevore.com/course/13-cargo/,0,valid,,
baseline,https://rust.robertdevore.com/course/13-cargo/,https://rust.robertdevore.com/,R_ / Rust Course,footer,200,https://rust.robertdevore.com/,0,valid,,
baseline,https://rust.robertdevore.com/course/13-cargo/,https://rust.robertdevore.com/about/#technical-freshness,"Verified September 6, 2026",div,200,https://rust.robertdevore.com/about/,0,valid,,
baseline,https://rust.robertdevore.com/course/13-cargo/,https://rust.robertdevore.com/sitemap.xml,Sitemap,div,200,https://rust.robertdevore.com/sitemap.xml,0,valid,,
baseline,https://rust.robertdevore.com/course/14-testing/,https://rust.robertdevore.com/course/14-testing/#main,Skip to content,body,200,https://rust.robertdevore.com/course/14-testing/,0,valid,,
baseline,https://rust.robertdevore.com/course/14-testing/,https://rust.robertdevore.com/,Rust / the practical course,header,200,https://rust.robertdevore.com/,0,valid,,
baseline,https://rust.robertdevore.com/course/14-testing/,https://rust.robertdevore.com/course/,Curriculum,nav,200,https://rust.robertdevore.com/course/,0,valid,,
baseline,https://rust.robertdevore.com/course/14-testing/,https://rust.robertdevore.com/practice/,Practice,nav,200,https://rust.robertdevore.com/practice/,0,valid,,
baseline,https://rust.robertdevore.com/course/14-testing/,https://rust.robertdevore.com/about/,About,nav,200,https://rust.robertdevore.com/about/,0,valid,,
baseline,https://rust.robertdevore.com/course/14-testing/,https://rust.robertdevore.com/course/,← All lessons,aside,200,https://rust.robertdevore.com/course/,0,valid,,
baseline,https://rust.robertdevore.com/course/14-testing/,https://rust.robertdevore.com/course/01-start/,01 Set up your Rust workshop,li,200,https://rust.robertdevore.com/course/01-start/,0,valid,,
baseline,https://rust.robertdevore.com/course/14-testing/,https://rust.robertdevore.com/course/02-values/,"02 Values, functions, and control flow",li,200,https://rust.robertdevore.com/course/02-values/,0,valid,,
baseline,https://rust.robertdevore.com/course/14-testing/,https://rust.robertdevore.com/course/03-ownership/,"03 Ownership, places, and moves",li,200,https://rust.robertdevore.com/course/03-ownership/,0,valid,,
baseline,https://rust.robertdevore.com/course/14-testing/,https://rust.robertdevore.com/course/04-borrowing/,04 Borrowing and reborrowing,li,200,https://rust.robertdevore.com/course/04-borrowing/,0,valid,,
baseline,https://rust.robertdevore.com/course/14-testing/,https://rust.robertdevore.com/course/05-text/,"05 Strings, slices, and collections",li,200,https://rust.robertdevore.com/course/05-text/,0,valid,,
baseline,https://rust.robertdevore.com/course/14-testing/,https://rust.robertdevore.com/course/06-model/,"06 Structs, enums, and useful states",li,200,https://rust.robertdevore.com/course/06-model/,0,valid,,
baseline,https://rust.robertdevore.com/course/14-testing/,https://rust.robertdevore.com/course/07-errors/,07 Errors as part of the interface,li,200,https://rust.robertdevore.com/course/07-errors/,0,valid,,
baseline,https://rust.robertdevore.com/course/14-testing/,https://rust.robertdevore.com/course/08-first-build/,08 Stage build: the first event counter,li,200,https://rust.robertdevore.com/course/08-first-build/,0,valid,,
baseline,https://rust.robertdevore.com/course/14-testing/,https://rust.robertdevore.com/course/09-lifetimes/,09 Lifetimes describe relationships,li,200,https://rust.robertdevore.com/course/09-lifetimes/,0,valid,,
baseline,https://rust.robertdevore.com/course/14-testing/,https://rust.robertdevore.com/course/10-traits/,10 Traits where abstraction earns its place,li,200,https://rust.robertdevore.com/course/10-traits/,0,valid,,
baseline,https://rust.robertdevore.com/course/14-testing/,https://rust.robertdevore.com/course/11-iterators/,11 Iterators and closures without hidden ownership,li,200,https://rust.robertdevore.com/course/11-iterators/,0,valid,,
baseline,https://rust.robertdevore.com/course/14-testing/,https://rust.robertdevore.com/course/12-reader/,12 Stage build: a bounded streaming library,li,200,https://rust.robertdevore.com/course/12-reader/,0,valid,,
baseline,https://rust.robertdevore.com/course/14-testing/,https://rust.robertdevore.com/course/13-cargo/,"13 Cargo, modules, and dependency boundaries",li,200,https://rust.robertdevore.com/course/13-cargo/,0,valid,,
baseline,https://rust.robertdevore.com/course/14-testing/,https://rust.robertdevore.com/course/14-testing/,"14 Tests, diagnostics, and complementary tools",li,200,https://rust.robertdevore.com/course/14-testing/,0,valid,,
baseline,https://rust.robertdevore.com/course/14-testing/,https://rust.robertdevore.com/course/15-interior/,15 Interior mutability and shared ownership,li,200,https://rust.robertdevore.com/course/15-interior/,0,valid,,
baseline,https://rust.robertdevore.com/course/14-testing/,https://rust.robertdevore.com/course/16-threads/,"16 Threads, Send, and Sync",li,200,https://rust.robertdevore.com/course/16-threads/,0,valid,,
baseline,https://rust.robertdevore.com/course/14-testing/,https://rust.robertdevore.com/course/17-synchronization/,"17 Channels, locks, and shutdown",li,200,https://rust.robertdevore.com/course/17-synchronization/,0,valid,,
baseline,https://rust.robertdevore.com/course/14-testing/,https://rust.robertdevore.com/course/18-atomics/,18 Atomics and memory ordering,li,200,https://rust.robertdevore.com/course/18-atomics/,0,valid,,
baseline,https://rust.robertdevore.com/course/14-testing/,https://rust.robertdevore.com/course/19-futures/,19 Futures before runtimes,li,200,https://rust.robertdevore.com/course/19-futures/,0,valid,,
baseline,https://rust.robertdevore.com/course/14-testing/,https://rust.robertdevore.com/course/20-async/,"20 Tokio tasks, blocking, and cancellation",li,200,https://rust.robertdevore.com/course/20-async/,0,valid,,
baseline,https://rust.robertdevore.com/course/14-testing/,https://rust.robertdevore.com/course/21-pin/,21 Pin and async trait boundaries,li,200,https://rust.robertdevore.com/course/21-pin/,0,valid,,
baseline,https://rust.robertdevore.com/course/14-testing/,https://rust.robertdevore.com/course/22-async-build/,22 Stage build: an async ingestion pipeline,li,200,https://rust.robertdevore.com/course/22-async-build/,0,valid,,
baseline,https://rust.robertdevore.com/course/14-testing/,https://rust.robertdevore.com/course/23-unsafe/,23 Unsafe boundaries and soundness,li,200,https://rust.robertdevore.com/course/23-unsafe/,0,valid,,
baseline,https://rust.robertdevore.com/course/14-testing/,https://rust.robertdevore.com/course/24-performance/,24 Measure performance and resource use,li,200,https://rust.robertdevore.com/course/24-performance/,0,valid,,
baseline,https://rust.robertdevore.com/course/14-testing/,https://rust.robertdevore.com/course/25-horizon/,25 Stable Rust and the horizon,li,200,https://rust.robertdevore.com/course/25-horizon/,0,valid,,
baseline,https://rust.robertdevore.com/course/14-testing/,https://rust.robertdevore.com/course/26-interop/,"26 FFI, serialization, and public contracts",li,200,https://rust.robertdevore.com/course/26-interop/,0,valid,,
baseline,https://rust.robertdevore.com/course/14-testing/,https://rust.robertdevore.com/course/27-capstone/,27 Capstone: ship Fieldnotes,li,200,https://rust.robertdevore.com/course/27-capstone/,0,valid,,
baseline,https://rust.robertdevore.com/course/14-testing/,https://rust.robertdevore.com/course/28-release/,"28 Release, maintain, and keep learning",li,200,https://rust.robertdevore.com/course/28-release/,0,valid,,
baseline,https://rust.robertdevore.com/course/14-testing/,https://rust.robertdevore.com/course/,Course,div,200,https://rust.robertdevore.com/course/,0,valid,,
baseline,https://rust.robertdevore.com/course/14-testing/,https://rust.robertdevore.com/course/13-cargo/,"← Previous lesson Cargo, modules, and dependency boundaries",nav,200,https://rust.robertdevore.com/course/13-cargo/,0,valid,,
baseline,https://rust.robertdevore.com/course/14-testing/,https://rust.robertdevore.com/course/15-interior/,Next lesson → Interior mutability and shared ownership,nav,200,https://rust.robertdevore.com/course/15-interior/,0,valid,,
baseline,https://rust.robertdevore.com/course/14-testing/,https://rust.robertdevore.com/course/14-testing/#test-the-promise-a-caller-relies-on,Test the promise a caller relies on,nav,200,https://rust.robertdevore.com/course/14-testing/,0,valid,,
baseline,https://rust.robertdevore.com/course/14-testing/,https://rust.robertdevore.com/course/14-testing/#a-useful-verification-sequence,A useful verification sequence,nav,200,https://rust.robertdevore.com/course/14-testing/,0,valid,,
baseline,https://rust.robertdevore.com/course/14-testing/,https://rust.robertdevore.com/course/14-testing/#intentionally-rejected-programs,Intentionally rejected programs,nav,200,https://rust.robertdevore.com/course/14-testing/,0,valid,,
baseline,https://rust.robertdevore.com/course/14-testing/,https://rust.robertdevore.com/course/14-testing/#exercise,Exercise,nav,200,https://rust.robertdevore.com/course/14-testing/,0,valid,,
baseline,https://rust.robertdevore.com/course/14-testing/,https://rust.robertdevore.com/,R_ / Rust Course,footer,200,https://rust.robertdevore.com/,0,valid,,
baseline,https://rust.robertdevore.com/course/14-testing/,https://rust.robertdevore.com/about/#technical-freshness,"Verified September 6, 2026",div,200,https://rust.robertdevore.com/about/,0,valid,,
baseline,https://rust.robertdevore.com/course/14-testing/,https://rust.robertdevore.com/sitemap.xml,Sitemap,div,200,https://rust.robertdevore.com/sitemap.xml,0,valid,,
baseline,https://rust.robertdevore.com/course/15-interior/,https://rust.robertdevore.com/course/15-interior/#main,Skip to content,body,200,https://rust.robertdevore.com/course/15-interior/,0,valid,,
baseline,https://rust.robertdevore.com/course/15-interior/,https://rust.robertdevore.com/,Rust / the practical course,header,200,https://rust.robertdevore.com/,0,valid,,
baseline,https://rust.robertdevore.com/course/15-interior/,https://rust.robertdevore.com/course/,Curriculum,nav,200,https://rust.robertdevore.com/course/,0,valid,,
baseline,https://rust.robertdevore.com/course/15-interior/,https://rust.robertdevore.com/practice/,Practice,nav,200,https://rust.robertdevore.com/practice/,0,valid,,
baseline,https://rust.robertdevore.com/course/15-interior/,https://rust.robertdevore.com/about/,About,nav,200,https://rust.robertdevore.com/about/,0,valid,,
baseline,https://rust.robertdevore.com/course/15-interior/,https://rust.robertdevore.com/course/,← All lessons,aside,200,https://rust.robertdevore.com/course/,0,valid,,
baseline,https://rust.robertdevore.com/course/15-interior/,https://rust.robertdevore.com/course/01-start/,01 Set up your Rust workshop,li,200,https://rust.robertdevore.com/course/01-start/,0,valid,,
baseline,https://rust.robertdevore.com/course/15-interior/,https://rust.robertdevore.com/course/02-values/,"02 Values, functions, and control flow",li,200,https://rust.robertdevore.com/course/02-values/,0,valid,,
baseline,https://rust.robertdevore.com/course/15-interior/,https://rust.robertdevore.com/course/03-ownership/,"03 Ownership, places, and moves",li,200,https://rust.robertdevore.com/course/03-ownership/,0,valid,,
baseline,https://rust.robertdevore.com/course/15-interior/,https://rust.robertdevore.com/course/04-borrowing/,04 Borrowing and reborrowing,li,200,https://rust.robertdevore.com/course/04-borrowing/,0,valid,,
baseline,https://rust.robertdevore.com/course/15-interior/,https://rust.robertdevore.com/course/05-text/,"05 Strings, slices, and collections",li,200,https://rust.robertdevore.com/course/05-text/,0,valid,,
baseline,https://rust.robertdevore.com/course/15-interior/,https://rust.robertdevore.com/course/06-model/,"06 Structs, enums, and useful states",li,200,https://rust.robertdevore.com/course/06-model/,0,valid,,
baseline,https://rust.robertdevore.com/course/15-interior/,https://rust.robertdevore.com/course/07-errors/,07 Errors as part of the interface,li,200,https://rust.robertdevore.com/course/07-errors/,0,valid,,
baseline,https://rust.robertdevore.com/course/15-interior/,https://rust.robertdevore.com/course/08-first-build/,08 Stage build: the first event counter,li,200,https://rust.robertdevore.com/course/08-first-build/,0,valid,,
baseline,https://rust.robertdevore.com/course/15-interior/,https://rust.robertdevore.com/course/09-lifetimes/,09 Lifetimes describe relationships,li,200,https://rust.robertdevore.com/course/09-lifetimes/,0,valid,,
baseline,https://rust.robertdevore.com/course/15-interior/,https://rust.robertdevore.com/course/10-traits/,10 Traits where abstraction earns its place,li,200,https://rust.robertdevore.com/course/10-traits/,0,valid,,
baseline,https://rust.robertdevore.com/course/15-interior/,https://rust.robertdevore.com/course/11-iterators/,11 Iterators and closures without hidden ownership,li,200,https://rust.robertdevore.com/course/11-iterators/,0,valid,,
baseline,https://rust.robertdevore.com/course/15-interior/,https://rust.robertdevore.com/course/12-reader/,12 Stage build: a bounded streaming library,li,200,https://rust.robertdevore.com/course/12-reader/,0,valid,,
baseline,https://rust.robertdevore.com/course/15-interior/,https://rust.robertdevore.com/course/13-cargo/,"13 Cargo, modules, and dependency boundaries",li,200,https://rust.robertdevore.com/course/13-cargo/,0,valid,,
baseline,https://rust.robertdevore.com/course/15-interior/,https://rust.robertdevore.com/course/14-testing/,"14 Tests, diagnostics, and complementary tools",li,200,https://rust.robertdevore.com/course/14-testing/,0,valid,,
baseline,https://rust.robertdevore.com/course/15-interior/,https://rust.robertdevore.com/course/15-interior/,15 Interior mutability and shared ownership,li,200,https://rust.robertdevore.com/course/15-interior/,0,valid,,
baseline,https://rust.robertdevore.com/course/15-interior/,https://rust.robertdevore.com/course/16-threads/,"16 Threads, Send, and Sync",li,200,https://rust.robertdevore.com/course/16-threads/,0,valid,,
baseline,https://rust.robertdevore.com/course/15-interior/,https://rust.robertdevore.com/course/17-synchronization/,"17 Channels, locks, and shutdown",li,200,https://rust.robertdevore.com/course/17-synchronization/,0,valid,,
baseline,https://rust.robertdevore.com/course/15-interior/,https://rust.robertdevore.com/course/18-atomics/,18 Atomics and memory ordering,li,200,https://rust.robertdevore.com/course/18-atomics/,0,valid,,
baseline,https://rust.robertdevore.com/course/15-interior/,https://rust.robertdevore.com/course/19-futures/,19 Futures before runtimes,li,200,https://rust.robertdevore.com/course/19-futures/,0,valid,,
baseline,https://rust.robertdevore.com/course/15-interior/,https://rust.robertdevore.com/course/20-async/,"20 Tokio tasks, blocking, and cancellation",li,200,https://rust.robertdevore.com/course/20-async/,0,valid,,
baseline,https://rust.robertdevore.com/course/15-interior/,https://rust.robertdevore.com/course/21-pin/,21 Pin and async trait boundaries,li,200,https://rust.robertdevore.com/course/21-pin/,0,valid,,
baseline,https://rust.robertdevore.com/course/15-interior/,https://rust.robertdevore.com/course/22-async-build/,22 Stage build: an async ingestion pipeline,li,200,https://rust.robertdevore.com/course/22-async-build/,0,valid,,
baseline,https://rust.robertdevore.com/course/15-interior/,https://rust.robertdevore.com/course/23-unsafe/,23 Unsafe boundaries and soundness,li,200,https://rust.robertdevore.com/course/23-unsafe/,0,valid,,
baseline,https://rust.robertdevore.com/course/15-interior/,https://rust.robertdevore.com/course/24-performance/,24 Measure performance and resource use,li,200,https://rust.robertdevore.com/course/24-performance/,0,valid,,
baseline,https://rust.robertdevore.com/course/15-interior/,https://rust.robertdevore.com/course/25-horizon/,25 Stable Rust and the horizon,li,200,https://rust.robertdevore.com/course/25-horizon/,0,valid,,
baseline,https://rust.robertdevore.com/course/15-interior/,https://rust.robertdevore.com/course/26-interop/,"26 FFI, serialization, and public contracts",li,200,https://rust.robertdevore.com/course/26-interop/,0,valid,,
baseline,https://rust.robertdevore.com/course/15-interior/,https://rust.robertdevore.com/course/27-capstone/,27 Capstone: ship Fieldnotes,li,200,https://rust.robertdevore.com/course/27-capstone/,0,valid,,
baseline,https://rust.robertdevore.com/course/15-interior/,https://rust.robertdevore.com/course/28-release/,"28 Release, maintain, and keep learning",li,200,https://rust.robertdevore.com/course/28-release/,0,valid,,
baseline,https://rust.robertdevore.com/course/15-interior/,https://rust.robertdevore.com/course/,Course,div,200,https://rust.robertdevore.com/course/,0,valid,,
baseline,https://rust.robertdevore.com/course/15-interior/,https://rust.robertdevore.com/course/14-testing/,"← Previous lesson Tests, diagnostics, and complementary tools",nav,200,https://rust.robertdevore.com/course/14-testing/,0,valid,,
baseline,https://rust.robertdevore.com/course/15-interior/,https://rust.robertdevore.com/course/16-threads/,"Next lesson → Threads, Send, and Sync",nav,200,https://rust.robertdevore.com/course/16-threads/,0,valid,,
baseline,https://rust.robertdevore.com/course/15-interior/,https://rust.robertdevore.com/course/15-interior/#shared-does-not-always-mean-unchanging,Shared does not always mean unchanging,nav,200,https://rust.robertdevore.com/course/15-interior/,0,valid,,
baseline,https://rust.robertdevore.com/course/15-interior/,https://rust.robertdevore.com/course/15-interior/#pick-the-narrowest-mechanism,Pick the narrowest mechanism,nav,200,https://rust.robertdevore.com/course/15-interior/,0,valid,,
baseline,https://rust.robertdevore.com/course/15-interior/,https://rust.robertdevore.com/course/15-interior/#apply-this-to-the-course-project,Apply this to the course project,nav,200,https://rust.robertdevore.com/course/15-interior/,0,valid,,
baseline,https://rust.robertdevore.com/course/15-interior/,https://rust.robertdevore.com/course/15-interior/#exercise,Exercise,nav,200,https://rust.robertdevore.com/course/15-interior/,0,valid,,
baseline,https://rust.robertdevore.com/course/15-interior/,https://rust.robertdevore.com/,R_ / Rust Course,footer,200,https://rust.robertdevore.com/,0,valid,,
baseline,https://rust.robertdevore.com/course/15-interior/,https://rust.robertdevore.com/about/#technical-freshness,"Verified September 6, 2026",div,200,https://rust.robertdevore.com/about/,0,valid,,
baseline,https://rust.robertdevore.com/course/15-interior/,https://rust.robertdevore.com/sitemap.xml,Sitemap,div,200,https://rust.robertdevore.com/sitemap.xml,0,valid,,
baseline,https://rust.robertdevore.com/course/16-threads/,https://rust.robertdevore.com/course/16-threads/#main,Skip to content,body,200,https://rust.robertdevore.com/course/16-threads/,0,valid,,
baseline,https://rust.robertdevore.com/course/16-threads/,https://rust.robertdevore.com/,Rust / the practical course,header,200,https://rust.robertdevore.com/,0,valid,,
baseline,https://rust.robertdevore.com/course/16-threads/,https://rust.robertdevore.com/course/,Curriculum,nav,200,https://rust.robertdevore.com/course/,0,valid,,
baseline,https://rust.robertdevore.com/course/16-threads/,https://rust.robertdevore.com/practice/,Practice,nav,200,https://rust.robertdevore.com/practice/,0,valid,,
baseline,https://rust.robertdevore.com/course/16-threads/,https://rust.robertdevore.com/about/,About,nav,200,https://rust.robertdevore.com/about/,0,valid,,
baseline,https://rust.robertdevore.com/course/16-threads/,https://rust.robertdevore.com/course/,← All lessons,aside,200,https://rust.robertdevore.com/course/,0,valid,,
baseline,https://rust.robertdevore.com/course/16-threads/,https://rust.robertdevore.com/course/01-start/,01 Set up your Rust workshop,li,200,https://rust.robertdevore.com/course/01-start/,0,valid,,
baseline,https://rust.robertdevore.com/course/16-threads/,https://rust.robertdevore.com/course/02-values/,"02 Values, functions, and control flow",li,200,https://rust.robertdevore.com/course/02-values/,0,valid,,
baseline,https://rust.robertdevore.com/course/16-threads/,https://rust.robertdevore.com/course/03-ownership/,"03 Ownership, places, and moves",li,200,https://rust.robertdevore.com/course/03-ownership/,0,valid,,
baseline,https://rust.robertdevore.com/course/16-threads/,https://rust.robertdevore.com/course/04-borrowing/,04 Borrowing and reborrowing,li,200,https://rust.robertdevore.com/course/04-borrowing/,0,valid,,
baseline,https://rust.robertdevore.com/course/16-threads/,https://rust.robertdevore.com/course/05-text/,"05 Strings, slices, and collections",li,200,https://rust.robertdevore.com/course/05-text/,0,valid,,
baseline,https://rust.robertdevore.com/course/16-threads/,https://rust.robertdevore.com/course/06-model/,"06 Structs, enums, and useful states",li,200,https://rust.robertdevore.com/course/06-model/,0,valid,,
baseline,https://rust.robertdevore.com/course/16-threads/,https://rust.robertdevore.com/course/07-errors/,07 Errors as part of the interface,li,200,https://rust.robertdevore.com/course/07-errors/,0,valid,,
baseline,https://rust.robertdevore.com/course/16-threads/,https://rust.robertdevore.com/course/08-first-build/,08 Stage build: the first event counter,li,200,https://rust.robertdevore.com/course/08-first-build/,0,valid,,
baseline,https://rust.robertdevore.com/course/16-threads/,https://rust.robertdevore.com/course/09-lifetimes/,09 Lifetimes describe relationships,li,200,https://rust.robertdevore.com/course/09-lifetimes/,0,valid,,
baseline,https://rust.robertdevore.com/course/16-threads/,https://rust.robertdevore.com/course/10-traits/,10 Traits where abstraction earns its place,li,200,https://rust.robertdevore.com/course/10-traits/,0,valid,,
baseline,https://rust.robertdevore.com/course/16-threads/,https://rust.robertdevore.com/course/11-iterators/,11 Iterators and closures without hidden ownership,li,200,https://rust.robertdevore.com/course/11-iterators/,0,valid,,
baseline,https://rust.robertdevore.com/course/16-threads/,https://rust.robertdevore.com/course/12-reader/,12 Stage build: a bounded streaming library,li,200,https://rust.robertdevore.com/course/12-reader/,0,valid,,
baseline,https://rust.robertdevore.com/course/16-threads/,https://rust.robertdevore.com/course/13-cargo/,"13 Cargo, modules, and dependency boundaries",li,200,https://rust.robertdevore.com/course/13-cargo/,0,valid,,
baseline,https://rust.robertdevore.com/course/16-threads/,https://rust.robertdevore.com/course/14-testing/,"14 Tests, diagnostics, and complementary tools",li,200,https://rust.robertdevore.com/course/14-testing/,0,valid,,
baseline,https://rust.robertdevore.com/course/16-threads/,https://rust.robertdevore.com/course/15-interior/,15 Interior mutability and shared ownership,li,200,https://rust.robertdevore.com/course/15-interior/,0,valid,,
baseline,https://rust.robertdevore.com/course/16-threads/,https://rust.robertdevore.com/course/16-threads/,"16 Threads, Send, and Sync",li,200,https://rust.robertdevore.com/course/16-threads/,0,valid,,
baseline,https://rust.robertdevore.com/course/16-threads/,https://rust.robertdevore.com/course/17-synchronization/,"17 Channels, locks, and shutdown",li,200,https://rust.robertdevore.com/course/17-synchronization/,0,valid,,
baseline,https://rust.robertdevore.com/course/16-threads/,https://rust.robertdevore.com/course/18-atomics/,18 Atomics and memory ordering,li,200,https://rust.robertdevore.com/course/18-atomics/,0,valid,,
baseline,https://rust.robertdevore.com/course/16-threads/,https://rust.robertdevore.com/course/19-futures/,19 Futures before runtimes,li,200,https://rust.robertdevore.com/course/19-futures/,0,valid,,
baseline,https://rust.robertdevore.com/course/16-threads/,https://rust.robertdevore.com/course/20-async/,"20 Tokio tasks, blocking, and cancellation",li,200,https://rust.robertdevore.com/course/20-async/,0,valid,,
baseline,https://rust.robertdevore.com/course/16-threads/,https://rust.robertdevore.com/course/21-pin/,21 Pin and async trait boundaries,li,200,https://rust.robertdevore.com/course/21-pin/,0,valid,,
baseline,https://rust.robertdevore.com/course/16-threads/,https://rust.robertdevore.com/course/22-async-build/,22 Stage build: an async ingestion pipeline,li,200,https://rust.robertdevore.com/course/22-async-build/,0,valid,,
baseline,https://rust.robertdevore.com/course/16-threads/,https://rust.robertdevore.com/course/23-unsafe/,23 Unsafe boundaries and soundness,li,200,https://rust.robertdevore.com/course/23-unsafe/,0,valid,,
baseline,https://rust.robertdevore.com/course/16-threads/,https://rust.robertdevore.com/course/24-performance/,24 Measure performance and resource use,li,200,https://rust.robertdevore.com/course/24-performance/,0,valid,,
baseline,https://rust.robertdevore.com/course/16-threads/,https://rust.robertdevore.com/course/25-horizon/,25 Stable Rust and the horizon,li,200,https://rust.robertdevore.com/course/25-horizon/,0,valid,,
baseline,https://rust.robertdevore.com/course/16-threads/,https://rust.robertdevore.com/course/26-interop/,"26 FFI, serialization, and public contracts",li,200,https://rust.robertdevore.com/course/26-interop/,0,valid,,
baseline,https://rust.robertdevore.com/course/16-threads/,https://rust.robertdevore.com/course/27-capstone/,27 Capstone: ship Fieldnotes,li,200,https://rust.robertdevore.com/course/27-capstone/,0,valid,,
baseline,https://rust.robertdevore.com/course/16-threads/,https://rust.robertdevore.com/course/28-release/,"28 Release, maintain, and keep learning",li,200,https://rust.robertdevore.com/course/28-release/,0,valid,,
baseline,https://rust.robertdevore.com/course/16-threads/,https://rust.robertdevore.com/course/,Course,div,200,https://rust.robertdevore.com/course/,0,valid,,
baseline,https://rust.robertdevore.com/course/16-threads/,https://rust.robertdevore.com/course/15-interior/,← Previous lesson Interior mutability and shared ownership,nav,200,https://rust.robertdevore.com/course/15-interior/,0,valid,,
baseline,https://rust.robertdevore.com/course/16-threads/,https://rust.robertdevore.com/course/17-synchronization/,"Next lesson → Channels, locks, and shutdown",nav,200,https://rust.robertdevore.com/course/17-synchronization/,0,valid,,
baseline,https://rust.robertdevore.com/course/16-threads/,https://rust.robertdevore.com/course/16-threads/#ownership-crosses-a-boundary,Ownership crosses a boundary,nav,200,https://rust.robertdevore.com/course/16-threads/,0,valid,,
baseline,https://rust.robertdevore.com/course/16-threads/,https://rust.robertdevore.com/course/16-threads/#the-two-marker-traits-answer-different-questions,The two marker traits answer different questions,nav,200,https://rust.robertdevore.com/course/16-threads/,0,valid,,
baseline,https://rust.robertdevore.com/course/16-threads/,https://rust.robertdevore.com/course/16-threads/#compiler-drill,Compiler drill,nav,200,https://rust.robertdevore.com/course/16-threads/,0,valid,,
baseline,https://rust.robertdevore.com/course/16-threads/,https://rust.robertdevore.com/course/16-threads/#correctness-extends-beyond-data-races,Correctness extends beyond data races,nav,200,https://rust.robertdevore.com/course/16-threads/,0,valid,,
baseline,https://rust.robertdevore.com/course/16-threads/,https://rust.robertdevore.com/course/16-threads/#exercise,Exercise,nav,200,https://rust.robertdevore.com/course/16-threads/,0,valid,,
baseline,https://rust.robertdevore.com/course/16-threads/,https://rust.robertdevore.com/,R_ / Rust Course,footer,200,https://rust.robertdevore.com/,0,valid,,
baseline,https://rust.robertdevore.com/course/16-threads/,https://rust.robertdevore.com/about/#technical-freshness,"Verified September 6, 2026",div,200,https://rust.robertdevore.com/about/,0,valid,,
baseline,https://rust.robertdevore.com/course/16-threads/,https://rust.robertdevore.com/sitemap.xml,Sitemap,div,200,https://rust.robertdevore.com/sitemap.xml,0,valid,,
baseline,https://rust.robertdevore.com/course/17-synchronization/,https://rust.robertdevore.com/course/17-synchronization/#main,Skip to content,body,200,https://rust.robertdevore.com/course/17-synchronization/,0,valid,,
baseline,https://rust.robertdevore.com/course/17-synchronization/,https://rust.robertdevore.com/,Rust / the practical course,header,200,https://rust.robertdevore.com/,0,valid,,
baseline,https://rust.robertdevore.com/course/17-synchronization/,https://rust.robertdevore.com/course/,Curriculum,nav,200,https://rust.robertdevore.com/course/,0,valid,,
baseline,https://rust.robertdevore.com/course/17-synchronization/,https://rust.robertdevore.com/practice/,Practice,nav,200,https://rust.robertdevore.com/practice/,0,valid,,
baseline,https://rust.robertdevore.com/course/17-synchronization/,https://rust.robertdevore.com/about/,About,nav,200,https://rust.robertdevore.com/about/,0,valid,,
baseline,https://rust.robertdevore.com/course/17-synchronization/,https://rust.robertdevore.com/course/,← All lessons,aside,200,https://rust.robertdevore.com/course/,0,valid,,
baseline,https://rust.robertdevore.com/course/17-synchronization/,https://rust.robertdevore.com/course/01-start/,01 Set up your Rust workshop,li,200,https://rust.robertdevore.com/course/01-start/,0,valid,,
baseline,https://rust.robertdevore.com/course/17-synchronization/,https://rust.robertdevore.com/course/02-values/,"02 Values, functions, and control flow",li,200,https://rust.robertdevore.com/course/02-values/,0,valid,,
baseline,https://rust.robertdevore.com/course/17-synchronization/,https://rust.robertdevore.com/course/03-ownership/,"03 Ownership, places, and moves",li,200,https://rust.robertdevore.com/course/03-ownership/,0,valid,,
baseline,https://rust.robertdevore.com/course/17-synchronization/,https://rust.robertdevore.com/course/04-borrowing/,04 Borrowing and reborrowing,li,200,https://rust.robertdevore.com/course/04-borrowing/,0,valid,,
baseline,https://rust.robertdevore.com/course/17-synchronization/,https://rust.robertdevore.com/course/05-text/,"05 Strings, slices, and collections",li,200,https://rust.robertdevore.com/course/05-text/,0,valid,,
baseline,https://rust.robertdevore.com/course/17-synchronization/,https://rust.robertdevore.com/course/06-model/,"06 Structs, enums, and useful states",li,200,https://rust.robertdevore.com/course/06-model/,0,valid,,
baseline,https://rust.robertdevore.com/course/17-synchronization/,https://rust.robertdevore.com/course/07-errors/,07 Errors as part of the interface,li,200,https://rust.robertdevore.com/course/07-errors/,0,valid,,
baseline,https://rust.robertdevore.com/course/17-synchronization/,https://rust.robertdevore.com/course/08-first-build/,08 Stage build: the first event counter,li,200,https://rust.robertdevore.com/course/08-first-build/,0,valid,,
baseline,https://rust.robertdevore.com/course/17-synchronization/,https://rust.robertdevore.com/course/09-lifetimes/,09 Lifetimes describe relationships,li,200,https://rust.robertdevore.com/course/09-lifetimes/,0,valid,,
baseline,https://rust.robertdevore.com/course/17-synchronization/,https://rust.robertdevore.com/course/10-traits/,10 Traits where abstraction earns its place,li,200,https://rust.robertdevore.com/course/10-traits/,0,valid,,
baseline,https://rust.robertdevore.com/course/17-synchronization/,https://rust.robertdevore.com/course/11-iterators/,11 Iterators and closures without hidden ownership,li,200,https://rust.robertdevore.com/course/11-iterators/,0,valid,,
baseline,https://rust.robertdevore.com/course/17-synchronization/,https://rust.robertdevore.com/course/12-reader/,12 Stage build: a bounded streaming library,li,200,https://rust.robertdevore.com/course/12-reader/,0,valid,,
baseline,https://rust.robertdevore.com/course/17-synchronization/,https://rust.robertdevore.com/course/13-cargo/,"13 Cargo, modules, and dependency boundaries",li,200,https://rust.robertdevore.com/course/13-cargo/,0,valid,,
baseline,https://rust.robertdevore.com/course/17-synchronization/,https://rust.robertdevore.com/course/14-testing/,"14 Tests, diagnostics, and complementary tools",li,200,https://rust.robertdevore.com/course/14-testing/,0,valid,,
baseline,https://rust.robertdevore.com/course/17-synchronization/,https://rust.robertdevore.com/course/15-interior/,15 Interior mutability and shared ownership,li,200,https://rust.robertdevore.com/course/15-interior/,0,valid,,
baseline,https://rust.robertdevore.com/course/17-synchronization/,https://rust.robertdevore.com/course/16-threads/,"16 Threads, Send, and Sync",li,200,https://rust.robertdevore.com/course/16-threads/,0,valid,,
baseline,https://rust.robertdevore.com/course/17-synchronization/,https://rust.robertdevore.com/course/17-synchronization/,"17 Channels, locks, and shutdown",li,200,https://rust.robertdevore.com/course/17-synchronization/,0,valid,,
baseline,https://rust.robertdevore.com/course/17-synchronization/,https://rust.robertdevore.com/course/18-atomics/,18 Atomics and memory ordering,li,200,https://rust.robertdevore.com/course/18-atomics/,0,valid,,
baseline,https://rust.robertdevore.com/course/17-synchronization/,https://rust.robertdevore.com/course/19-futures/,19 Futures before runtimes,li,200,https://rust.robertdevore.com/course/19-futures/,0,valid,,
baseline,https://rust.robertdevore.com/course/17-synchronization/,https://rust.robertdevore.com/course/20-async/,"20 Tokio tasks, blocking, and cancellation",li,200,https://rust.robertdevore.com/course/20-async/,0,valid,,
baseline,https://rust.robertdevore.com/course/17-synchronization/,https://rust.robertdevore.com/course/21-pin/,21 Pin and async trait boundaries,li,200,https://rust.robertdevore.com/course/21-pin/,0,valid,,
baseline,https://rust.robertdevore.com/course/17-synchronization/,https://rust.robertdevore.com/course/22-async-build/,22 Stage build: an async ingestion pipeline,li,200,https://rust.robertdevore.com/course/22-async-build/,0,valid,,
baseline,https://rust.robertdevore.com/course/17-synchronization/,https://rust.robertdevore.com/course/23-unsafe/,23 Unsafe boundaries and soundness,li,200,https://rust.robertdevore.com/course/23-unsafe/,0,valid,,
baseline,https://rust.robertdevore.com/course/17-synchronization/,https://rust.robertdevore.com/course/24-performance/,24 Measure performance and resource use,li,200,https://rust.robertdevore.com/course/24-performance/,0,valid,,
baseline,https://rust.robertdevore.com/course/17-synchronization/,https://rust.robertdevore.com/course/25-horizon/,25 Stable Rust and the horizon,li,200,https://rust.robertdevore.com/course/25-horizon/,0,valid,,
baseline,https://rust.robertdevore.com/course/17-synchronization/,https://rust.robertdevore.com/course/26-interop/,"26 FFI, serialization, and public contracts",li,200,https://rust.robertdevore.com/course/26-interop/,0,valid,,
baseline,https://rust.robertdevore.com/course/17-synchronization/,https://rust.robertdevore.com/course/27-capstone/,27 Capstone: ship Fieldnotes,li,200,https://rust.robertdevore.com/course/27-capstone/,0,valid,,
baseline,https://rust.robertdevore.com/course/17-synchronization/,https://rust.robertdevore.com/course/28-release/,"28 Release, maintain, and keep learning",li,200,https://rust.robertdevore.com/course/28-release/,0,valid,,
baseline,https://rust.robertdevore.com/course/17-synchronization/,https://rust.robertdevore.com/course/,Course,div,200,https://rust.robertdevore.com/course/,0,valid,,
baseline,https://rust.robertdevore.com/course/17-synchronization/,https://rust.robertdevore.com/course/16-threads/,"← Previous lesson Threads, Send, and Sync",nav,200,https://rust.robertdevore.com/course/16-threads/,0,valid,,
baseline,https://rust.robertdevore.com/course/17-synchronization/,https://rust.robertdevore.com/course/18-atomics/,Next lesson → Atomics and memory ordering,nav,200,https://rust.robertdevore.com/course/18-atomics/,0,valid,,
baseline,https://rust.robertdevore.com/course/17-synchronization/,https://rust.robertdevore.com/course/17-synchronization/#give-the-state-a-clear-owner,Give the state a clear owner,nav,200,https://rust.robertdevore.com/course/17-synchronization/,0,valid,,
baseline,https://rust.robertdevore.com/course/17-synchronization/,https://rust.robertdevore.com/course/17-synchronization/#when-a-mutex-is-appropriate,When a mutex is appropriate,nav,200,https://rust.robertdevore.com/course/17-synchronization/,0,valid,,
baseline,https://rust.robertdevore.com/course/17-synchronization/,https://rust.robertdevore.com/course/17-synchronization/#distinguish-the-guarantees,Distinguish the guarantees,nav,200,https://rust.robertdevore.com/course/17-synchronization/,0,valid,,
baseline,https://rust.robertdevore.com/course/17-synchronization/,https://rust.robertdevore.com/course/17-synchronization/#exercise,Exercise,nav,200,https://rust.robertdevore.com/course/17-synchronization/,0,valid,,
baseline,https://rust.robertdevore.com/course/17-synchronization/,https://rust.robertdevore.com/,R_ / Rust Course,footer,200,https://rust.robertdevore.com/,0,valid,,
baseline,https://rust.robertdevore.com/course/17-synchronization/,https://rust.robertdevore.com/about/#technical-freshness,"Verified September 6, 2026",div,200,https://rust.robertdevore.com/about/,0,valid,,
baseline,https://rust.robertdevore.com/course/17-synchronization/,https://rust.robertdevore.com/sitemap.xml,Sitemap,div,200,https://rust.robertdevore.com/sitemap.xml,0,valid,,
baseline,https://rust.robertdevore.com/course/18-atomics/,https://rust.robertdevore.com/course/18-atomics/#main,Skip to content,body,200,https://rust.robertdevore.com/course/18-atomics/,0,valid,,
baseline,https://rust.robertdevore.com/course/18-atomics/,https://rust.robertdevore.com/,Rust / the practical course,header,200,https://rust.robertdevore.com/,0,valid,,
baseline,https://rust.robertdevore.com/course/18-atomics/,https://rust.robertdevore.com/course/,Curriculum,nav,200,https://rust.robertdevore.com/course/,0,valid,,
baseline,https://rust.robertdevore.com/course/18-atomics/,https://rust.robertdevore.com/practice/,Practice,nav,200,https://rust.robertdevore.com/practice/,0,valid,,
baseline,https://rust.robertdevore.com/course/18-atomics/,https://rust.robertdevore.com/about/,About,nav,200,https://rust.robertdevore.com/about/,0,valid,,
baseline,https://rust.robertdevore.com/course/18-atomics/,https://rust.robertdevore.com/course/,← All lessons,aside,200,https://rust.robertdevore.com/course/,0,valid,,
baseline,https://rust.robertdevore.com/course/18-atomics/,https://rust.robertdevore.com/course/01-start/,01 Set up your Rust workshop,li,200,https://rust.robertdevore.com/course/01-start/,0,valid,,
baseline,https://rust.robertdevore.com/course/18-atomics/,https://rust.robertdevore.com/course/02-values/,"02 Values, functions, and control flow",li,200,https://rust.robertdevore.com/course/02-values/,0,valid,,
baseline,https://rust.robertdevore.com/course/18-atomics/,https://rust.robertdevore.com/course/03-ownership/,"03 Ownership, places, and moves",li,200,https://rust.robertdevore.com/course/03-ownership/,0,valid,,
baseline,https://rust.robertdevore.com/course/18-atomics/,https://rust.robertdevore.com/course/04-borrowing/,04 Borrowing and reborrowing,li,200,https://rust.robertdevore.com/course/04-borrowing/,0,valid,,
baseline,https://rust.robertdevore.com/course/18-atomics/,https://rust.robertdevore.com/course/05-text/,"05 Strings, slices, and collections",li,200,https://rust.robertdevore.com/course/05-text/,0,valid,,
baseline,https://rust.robertdevore.com/course/18-atomics/,https://rust.robertdevore.com/course/06-model/,"06 Structs, enums, and useful states",li,200,https://rust.robertdevore.com/course/06-model/,0,valid,,
baseline,https://rust.robertdevore.com/course/18-atomics/,https://rust.robertdevore.com/course/07-errors/,07 Errors as part of the interface,li,200,https://rust.robertdevore.com/course/07-errors/,0,valid,,
baseline,https://rust.robertdevore.com/course/18-atomics/,https://rust.robertdevore.com/course/08-first-build/,08 Stage build: the first event counter,li,200,https://rust.robertdevore.com/course/08-first-build/,0,valid,,
baseline,https://rust.robertdevore.com/course/18-atomics/,https://rust.robertdevore.com/course/09-lifetimes/,09 Lifetimes describe relationships,li,200,https://rust.robertdevore.com/course/09-lifetimes/,0,valid,,
baseline,https://rust.robertdevore.com/course/18-atomics/,https://rust.robertdevore.com/course/10-traits/,10 Traits where abstraction earns its place,li,200,https://rust.robertdevore.com/course/10-traits/,0,valid,,
baseline,https://rust.robertdevore.com/course/18-atomics/,https://rust.robertdevore.com/course/11-iterators/,11 Iterators and closures without hidden ownership,li,200,https://rust.robertdevore.com/course/11-iterators/,0,valid,,
baseline,https://rust.robertdevore.com/course/18-atomics/,https://rust.robertdevore.com/course/12-reader/,12 Stage build: a bounded streaming library,li,200,https://rust.robertdevore.com/course/12-reader/,0,valid,,
baseline,https://rust.robertdevore.com/course/18-atomics/,https://rust.robertdevore.com/course/13-cargo/,"13 Cargo, modules, and dependency boundaries",li,200,https://rust.robertdevore.com/course/13-cargo/,0,valid,,
baseline,https://rust.robertdevore.com/course/18-atomics/,https://rust.robertdevore.com/course/14-testing/,"14 Tests, diagnostics, and complementary tools",li,200,https://rust.robertdevore.com/course/14-testing/,0,valid,,
baseline,https://rust.robertdevore.com/course/18-atomics/,https://rust.robertdevore.com/course/15-interior/,15 Interior mutability and shared ownership,li,200,https://rust.robertdevore.com/course/15-interior/,0,valid,,
baseline,https://rust.robertdevore.com/course/18-atomics/,https://rust.robertdevore.com/course/16-threads/,"16 Threads, Send, and Sync",li,200,https://rust.robertdevore.com/course/16-threads/,0,valid,,
baseline,https://rust.robertdevore.com/course/18-atomics/,https://rust.robertdevore.com/course/17-synchronization/,"17 Channels, locks, and shutdown",li,200,https://rust.robertdevore.com/course/17-synchronization/,0,valid,,
baseline,https://rust.robertdevore.com/course/18-atomics/,https://rust.robertdevore.com/course/18-atomics/,18 Atomics and memory ordering,li,200,https://rust.robertdevore.com/course/18-atomics/,0,valid,,
baseline,https://rust.robertdevore.com/course/18-atomics/,https://rust.robertdevore.com/course/19-futures/,19 Futures before runtimes,li,200,https://rust.robertdevore.com/course/19-futures/,0,valid,,
baseline,https://rust.robertdevore.com/course/18-atomics/,https://rust.robertdevore.com/course/20-async/,"20 Tokio tasks, blocking, and cancellation",li,200,https://rust.robertdevore.com/course/20-async/,0,valid,,
baseline,https://rust.robertdevore.com/course/18-atomics/,https://rust.robertdevore.com/course/21-pin/,21 Pin and async trait boundaries,li,200,https://rust.robertdevore.com/course/21-pin/,0,valid,,
baseline,https://rust.robertdevore.com/course/18-atomics/,https://rust.robertdevore.com/course/22-async-build/,22 Stage build: an async ingestion pipeline,li,200,https://rust.robertdevore.com/course/22-async-build/,0,valid,,
baseline,https://rust.robertdevore.com/course/18-atomics/,https://rust.robertdevore.com/course/23-unsafe/,23 Unsafe boundaries and soundness,li,200,https://rust.robertdevore.com/course/23-unsafe/,0,valid,,
baseline,https://rust.robertdevore.com/course/18-atomics/,https://rust.robertdevore.com/course/24-performance/,24 Measure performance and resource use,li,200,https://rust.robertdevore.com/course/24-performance/,0,valid,,
baseline,https://rust.robertdevore.com/course/18-atomics/,https://rust.robertdevore.com/course/25-horizon/,25 Stable Rust and the horizon,li,200,https://rust.robertdevore.com/course/25-horizon/,0,valid,,
baseline,https://rust.robertdevore.com/course/18-atomics/,https://rust.robertdevore.com/course/26-interop/,"26 FFI, serialization, and public contracts",li,200,https://rust.robertdevore.com/course/26-interop/,0,valid,,
baseline,https://rust.robertdevore.com/course/18-atomics/,https://rust.robertdevore.com/course/27-capstone/,27 Capstone: ship Fieldnotes,li,200,https://rust.robertdevore.com/course/27-capstone/,0,valid,,
baseline,https://rust.robertdevore.com/course/18-atomics/,https://rust.robertdevore.com/course/28-release/,"28 Release, maintain, and keep learning",li,200,https://rust.robertdevore.com/course/28-release/,0,valid,,
baseline,https://rust.robertdevore.com/course/18-atomics/,https://rust.robertdevore.com/course/,Course,div,200,https://rust.robertdevore.com/course/,0,valid,,
baseline,https://rust.robertdevore.com/course/18-atomics/,https://rust.robertdevore.com/course/17-synchronization/,"← Previous lesson Channels, locks, and shutdown",nav,200,https://rust.robertdevore.com/course/17-synchronization/,0,valid,,
baseline,https://rust.robertdevore.com/course/18-atomics/,https://rust.robertdevore.com/course/19-futures/,Next lesson → Futures before runtimes,nav,200,https://rust.robertdevore.com/course/19-futures/,0,valid,,
baseline,https://rust.robertdevore.com/course/18-atomics/,https://rust.robertdevore.com/course/18-atomics/#what-the-counter-actually-promises,What the counter actually promises,nav,200,https://rust.robertdevore.com/course/18-atomics/,0,valid,,
baseline,https://rust.robertdevore.com/course/18-atomics/,https://rust.robertdevore.com/course/18-atomics/#publication-is-a-different-problem,Publication is a different problem,nav,200,https://rust.robertdevore.com/course/18-atomics/,0,valid,,
baseline,https://rust.robertdevore.com/course/18-atomics/,https://rust.robertdevore.com/course/18-atomics/#keep-layers-separate,Keep layers separate,nav,200,https://rust.robertdevore.com/course/18-atomics/,0,valid,,
baseline,https://rust.robertdevore.com/course/18-atomics/,https://rust.robertdevore.com/course/18-atomics/#exercise,Exercise,nav,200,https://rust.robertdevore.com/course/18-atomics/,0,valid,,
baseline,https://rust.robertdevore.com/course/18-atomics/,https://rust.robertdevore.com/,R_ / Rust Course,footer,200,https://rust.robertdevore.com/,0,valid,,
baseline,https://rust.robertdevore.com/course/18-atomics/,https://rust.robertdevore.com/about/#technical-freshness,"Verified September 6, 2026",div,200,https://rust.robertdevore.com/about/,0,valid,,
baseline,https://rust.robertdevore.com/course/18-atomics/,https://rust.robertdevore.com/sitemap.xml,Sitemap,div,200,https://rust.robertdevore.com/sitemap.xml,0,valid,,
baseline,https://rust.robertdevore.com/course/19-futures/,https://rust.robertdevore.com/course/19-futures/#main,Skip to content,body,200,https://rust.robertdevore.com/course/19-futures/,0,valid,,
baseline,https://rust.robertdevore.com/course/19-futures/,https://rust.robertdevore.com/,Rust / the practical course,header,200,https://rust.robertdevore.com/,0,valid,,
baseline,https://rust.robertdevore.com/course/19-futures/,https://rust.robertdevore.com/course/,Curriculum,nav,200,https://rust.robertdevore.com/course/,0,valid,,
baseline,https://rust.robertdevore.com/course/19-futures/,https://rust.robertdevore.com/practice/,Practice,nav,200,https://rust.robertdevore.com/practice/,0,valid,,
baseline,https://rust.robertdevore.com/course/19-futures/,https://rust.robertdevore.com/about/,About,nav,200,https://rust.robertdevore.com/about/,0,valid,,
baseline,https://rust.robertdevore.com/course/19-futures/,https://rust.robertdevore.com/course/,← All lessons,aside,200,https://rust.robertdevore.com/course/,0,valid,,
baseline,https://rust.robertdevore.com/course/19-futures/,https://rust.robertdevore.com/course/01-start/,01 Set up your Rust workshop,li,200,https://rust.robertdevore.com/course/01-start/,0,valid,,
baseline,https://rust.robertdevore.com/course/19-futures/,https://rust.robertdevore.com/course/02-values/,"02 Values, functions, and control flow",li,200,https://rust.robertdevore.com/course/02-values/,0,valid,,
baseline,https://rust.robertdevore.com/course/19-futures/,https://rust.robertdevore.com/course/03-ownership/,"03 Ownership, places, and moves",li,200,https://rust.robertdevore.com/course/03-ownership/,0,valid,,
baseline,https://rust.robertdevore.com/course/19-futures/,https://rust.robertdevore.com/course/04-borrowing/,04 Borrowing and reborrowing,li,200,https://rust.robertdevore.com/course/04-borrowing/,0,valid,,
baseline,https://rust.robertdevore.com/course/19-futures/,https://rust.robertdevore.com/course/05-text/,"05 Strings, slices, and collections",li,200,https://rust.robertdevore.com/course/05-text/,0,valid,,
baseline,https://rust.robertdevore.com/course/19-futures/,https://rust.robertdevore.com/course/06-model/,"06 Structs, enums, and useful states",li,200,https://rust.robertdevore.com/course/06-model/,0,valid,,
baseline,https://rust.robertdevore.com/course/19-futures/,https://rust.robertdevore.com/course/07-errors/,07 Errors as part of the interface,li,200,https://rust.robertdevore.com/course/07-errors/,0,valid,,
baseline,https://rust.robertdevore.com/course/19-futures/,https://rust.robertdevore.com/course/08-first-build/,08 Stage build: the first event counter,li,200,https://rust.robertdevore.com/course/08-first-build/,0,valid,,
baseline,https://rust.robertdevore.com/course/19-futures/,https://rust.robertdevore.com/course/09-lifetimes/,09 Lifetimes describe relationships,li,200,https://rust.robertdevore.com/course/09-lifetimes/,0,valid,,
baseline,https://rust.robertdevore.com/course/19-futures/,https://rust.robertdevore.com/course/10-traits/,10 Traits where abstraction earns its place,li,200,https://rust.robertdevore.com/course/10-traits/,0,valid,,
baseline,https://rust.robertdevore.com/course/19-futures/,https://rust.robertdevore.com/course/11-iterators/,11 Iterators and closures without hidden ownership,li,200,https://rust.robertdevore.com/course/11-iterators/,0,valid,,
baseline,https://rust.robertdevore.com/course/19-futures/,https://rust.robertdevore.com/course/12-reader/,12 Stage build: a bounded streaming library,li,200,https://rust.robertdevore.com/course/12-reader/,0,valid,,
baseline,https://rust.robertdevore.com/course/19-futures/,https://rust.robertdevore.com/course/13-cargo/,"13 Cargo, modules, and dependency boundaries",li,200,https://rust.robertdevore.com/course/13-cargo/,0,valid,,
baseline,https://rust.robertdevore.com/course/19-futures/,https://rust.robertdevore.com/course/14-testing/,"14 Tests, diagnostics, and complementary tools",li,200,https://rust.robertdevore.com/course/14-testing/,0,valid,,
baseline,https://rust.robertdevore.com/course/19-futures/,https://rust.robertdevore.com/course/15-interior/,15 Interior mutability and shared ownership,li,200,https://rust.robertdevore.com/course/15-interior/,0,valid,,
baseline,https://rust.robertdevore.com/course/19-futures/,https://rust.robertdevore.com/course/16-threads/,"16 Threads, Send, and Sync",li,200,https://rust.robertdevore.com/course/16-threads/,0,valid,,
baseline,https://rust.robertdevore.com/course/19-futures/,https://rust.robertdevore.com/course/17-synchronization/,"17 Channels, locks, and shutdown",li,200,https://rust.robertdevore.com/course/17-synchronization/,0,valid,,
baseline,https://rust.robertdevore.com/course/19-futures/,https://rust.robertdevore.com/course/18-atomics/,18 Atomics and memory ordering,li,200,https://rust.robertdevore.com/course/18-atomics/,0,valid,,
baseline,https://rust.robertdevore.com/course/19-futures/,https://rust.robertdevore.com/course/19-futures/,19 Futures before runtimes,li,200,https://rust.robertdevore.com/course/19-futures/,0,valid,,
baseline,https://rust.robertdevore.com/course/19-futures/,https://rust.robertdevore.com/course/20-async/,"20 Tokio tasks, blocking, and cancellation",li,200,https://rust.robertdevore.com/course/20-async/,0,valid,,
baseline,https://rust.robertdevore.com/course/19-futures/,https://rust.robertdevore.com/course/21-pin/,21 Pin and async trait boundaries,li,200,https://rust.robertdevore.com/course/21-pin/,0,valid,,
baseline,https://rust.robertdevore.com/course/19-futures/,https://rust.robertdevore.com/course/22-async-build/,22 Stage build: an async ingestion pipeline,li,200,https://rust.robertdevore.com/course/22-async-build/,0,valid,,
baseline,https://rust.robertdevore.com/course/19-futures/,https://rust.robertdevore.com/course/23-unsafe/,23 Unsafe boundaries and soundness,li,200,https://rust.robertdevore.com/course/23-unsafe/,0,valid,,
baseline,https://rust.robertdevore.com/course/19-futures/,https://rust.robertdevore.com/course/24-performance/,24 Measure performance and resource use,li,200,https://rust.robertdevore.com/course/24-performance/,0,valid,,
baseline,https://rust.robertdevore.com/course/19-futures/,https://rust.robertdevore.com/course/25-horizon/,25 Stable Rust and the horizon,li,200,https://rust.robertdevore.com/course/25-horizon/,0,valid,,
baseline,https://rust.robertdevore.com/course/19-futures/,https://rust.robertdevore.com/course/26-interop/,"26 FFI, serialization, and public contracts",li,200,https://rust.robertdevore.com/course/26-interop/,0,valid,,
baseline,https://rust.robertdevore.com/course/19-futures/,https://rust.robertdevore.com/course/27-capstone/,27 Capstone: ship Fieldnotes,li,200,https://rust.robertdevore.com/course/27-capstone/,0,valid,,
baseline,https://rust.robertdevore.com/course/19-futures/,https://rust.robertdevore.com/course/28-release/,"28 Release, maintain, and keep learning",li,200,https://rust.robertdevore.com/course/28-release/,0,valid,,
baseline,https://rust.robertdevore.com/course/19-futures/,https://rust.robertdevore.com/course/,Course,div,200,https://rust.robertdevore.com/course/,0,valid,,
baseline,https://rust.robertdevore.com/course/19-futures/,https://rust.robertdevore.com/course/18-atomics/,← Previous lesson Atomics and memory ordering,nav,200,https://rust.robertdevore.com/course/18-atomics/,0,valid,,
baseline,https://rust.robertdevore.com/course/19-futures/,https://rust.robertdevore.com/course/20-async/,"Next lesson → Tokio tasks, blocking, and cancellation",nav,200,https://rust.robertdevore.com/course/20-async/,0,valid,,
baseline,https://rust.robertdevore.com/course/19-futures/,https://rust.robertdevore.com/course/19-futures/#creating-a-future-is-not-starting-a-thread,Creating a future is not starting a thread,nav,200,https://rust.robertdevore.com/course/19-futures/,0,valid,,
baseline,https://rust.robertdevore.com/course/19-futures/,https://rust.robertdevore.com/course/19-futures/#suspension-stores-state,Suspension stores state,nav,200,https://rust.robertdevore.com/course/19-futures/,0,valid,,
baseline,https://rust.robertdevore.com/course/19-futures/,https://rust.robertdevore.com/course/19-futures/#cancellation-belongs-to-ownership,Cancellation belongs to ownership,nav,200,https://rust.robertdevore.com/course/19-futures/,0,valid,,
baseline,https://rust.robertdevore.com/course/19-futures/,https://rust.robertdevore.com/course/19-futures/#exercise,Exercise,nav,200,https://rust.robertdevore.com/course/19-futures/,0,valid,,
baseline,https://rust.robertdevore.com/course/19-futures/,https://rust.robertdevore.com/,R_ / Rust Course,footer,200,https://rust.robertdevore.com/,0,valid,,
baseline,https://rust.robertdevore.com/course/19-futures/,https://rust.robertdevore.com/about/#technical-freshness,"Verified September 6, 2026",div,200,https://rust.robertdevore.com/about/,0,valid,,
baseline,https://rust.robertdevore.com/course/19-futures/,https://rust.robertdevore.com/sitemap.xml,Sitemap,div,200,https://rust.robertdevore.com/sitemap.xml,0,valid,,
baseline,https://rust.robertdevore.com/course/20-async/,https://rust.robertdevore.com/course/20-async/#main,Skip to content,body,200,https://rust.robertdevore.com/course/20-async/,0,valid,,
baseline,https://rust.robertdevore.com/course/20-async/,https://rust.robertdevore.com/,Rust / the practical course,header,200,https://rust.robertdevore.com/,0,valid,,
baseline,https://rust.robertdevore.com/course/20-async/,https://rust.robertdevore.com/course/,Curriculum,nav,200,https://rust.robertdevore.com/course/,0,valid,,
baseline,https://rust.robertdevore.com/course/20-async/,https://rust.robertdevore.com/practice/,Practice,nav,200,https://rust.robertdevore.com/practice/,0,valid,,
baseline,https://rust.robertdevore.com/course/20-async/,https://rust.robertdevore.com/about/,About,nav,200,https://rust.robertdevore.com/about/,0,valid,,
baseline,https://rust.robertdevore.com/course/20-async/,https://rust.robertdevore.com/course/,← All lessons,aside,200,https://rust.robertdevore.com/course/,0,valid,,
baseline,https://rust.robertdevore.com/course/20-async/,https://rust.robertdevore.com/course/01-start/,01 Set up your Rust workshop,li,200,https://rust.robertdevore.com/course/01-start/,0,valid,,
baseline,https://rust.robertdevore.com/course/20-async/,https://rust.robertdevore.com/course/02-values/,"02 Values, functions, and control flow",li,200,https://rust.robertdevore.com/course/02-values/,0,valid,,
baseline,https://rust.robertdevore.com/course/20-async/,https://rust.robertdevore.com/course/03-ownership/,"03 Ownership, places, and moves",li,200,https://rust.robertdevore.com/course/03-ownership/,0,valid,,
baseline,https://rust.robertdevore.com/course/20-async/,https://rust.robertdevore.com/course/04-borrowing/,04 Borrowing and reborrowing,li,200,https://rust.robertdevore.com/course/04-borrowing/,0,valid,,
baseline,https://rust.robertdevore.com/course/20-async/,https://rust.robertdevore.com/course/05-text/,"05 Strings, slices, and collections",li,200,https://rust.robertdevore.com/course/05-text/,0,valid,,
baseline,https://rust.robertdevore.com/course/20-async/,https://rust.robertdevore.com/course/06-model/,"06 Structs, enums, and useful states",li,200,https://rust.robertdevore.com/course/06-model/,0,valid,,
baseline,https://rust.robertdevore.com/course/20-async/,https://rust.robertdevore.com/course/07-errors/,07 Errors as part of the interface,li,200,https://rust.robertdevore.com/course/07-errors/,0,valid,,
baseline,https://rust.robertdevore.com/course/20-async/,https://rust.robertdevore.com/course/08-first-build/,08 Stage build: the first event counter,li,200,https://rust.robertdevore.com/course/08-first-build/,0,valid,,
baseline,https://rust.robertdevore.com/course/20-async/,https://rust.robertdevore.com/course/09-lifetimes/,09 Lifetimes describe relationships,li,200,https://rust.robertdevore.com/course/09-lifetimes/,0,valid,,
baseline,https://rust.robertdevore.com/course/20-async/,https://rust.robertdevore.com/course/10-traits/,10 Traits where abstraction earns its place,li,200,https://rust.robertdevore.com/course/10-traits/,0,valid,,
baseline,https://rust.robertdevore.com/course/20-async/,https://rust.robertdevore.com/course/11-iterators/,11 Iterators and closures without hidden ownership,li,200,https://rust.robertdevore.com/course/11-iterators/,0,valid,,
baseline,https://rust.robertdevore.com/course/20-async/,https://rust.robertdevore.com/course/12-reader/,12 Stage build: a bounded streaming library,li,200,https://rust.robertdevore.com/course/12-reader/,0,valid,,
baseline,https://rust.robertdevore.com/course/20-async/,https://rust.robertdevore.com/course/13-cargo/,"13 Cargo, modules, and dependency boundaries",li,200,https://rust.robertdevore.com/course/13-cargo/,0,valid,,
baseline,https://rust.robertdevore.com/course/20-async/,https://rust.robertdevore.com/course/14-testing/,"14 Tests, diagnostics, and complementary tools",li,200,https://rust.robertdevore.com/course/14-testing/,0,valid,,
baseline,https://rust.robertdevore.com/course/20-async/,https://rust.robertdevore.com/course/15-interior/,15 Interior mutability and shared ownership,li,200,https://rust.robertdevore.com/course/15-interior/,0,valid,,
baseline,https://rust.robertdevore.com/course/20-async/,https://rust.robertdevore.com/course/16-threads/,"16 Threads, Send, and Sync",li,200,https://rust.robertdevore.com/course/16-threads/,0,valid,,
baseline,https://rust.robertdevore.com/course/20-async/,https://rust.robertdevore.com/course/17-synchronization/,"17 Channels, locks, and shutdown",li,200,https://rust.robertdevore.com/course/17-synchronization/,0,valid,,
baseline,https://rust.robertdevore.com/course/20-async/,https://rust.robertdevore.com/course/18-atomics/,18 Atomics and memory ordering,li,200,https://rust.robertdevore.com/course/18-atomics/,0,valid,,
baseline,https://rust.robertdevore.com/course/20-async/,https://rust.robertdevore.com/course/19-futures/,19 Futures before runtimes,li,200,https://rust.robertdevore.com/course/19-futures/,0,valid,,
baseline,https://rust.robertdevore.com/course/20-async/,https://rust.robertdevore.com/course/20-async/,"20 Tokio tasks, blocking, and cancellation",li,200,https://rust.robertdevore.com/course/20-async/,0,valid,,
baseline,https://rust.robertdevore.com/course/20-async/,https://rust.robertdevore.com/course/21-pin/,21 Pin and async trait boundaries,li,200,https://rust.robertdevore.com/course/21-pin/,0,valid,,
baseline,https://rust.robertdevore.com/course/20-async/,https://rust.robertdevore.com/course/22-async-build/,22 Stage build: an async ingestion pipeline,li,200,https://rust.robertdevore.com/course/22-async-build/,0,valid,,
baseline,https://rust.robertdevore.com/course/20-async/,https://rust.robertdevore.com/course/23-unsafe/,23 Unsafe boundaries and soundness,li,200,https://rust.robertdevore.com/course/23-unsafe/,0,valid,,
baseline,https://rust.robertdevore.com/course/20-async/,https://rust.robertdevore.com/course/24-performance/,24 Measure performance and resource use,li,200,https://rust.robertdevore.com/course/24-performance/,0,valid,,
baseline,https://rust.robertdevore.com/course/20-async/,https://rust.robertdevore.com/course/25-horizon/,25 Stable Rust and the horizon,li,200,https://rust.robertdevore.com/course/25-horizon/,0,valid,,
baseline,https://rust.robertdevore.com/course/20-async/,https://rust.robertdevore.com/course/26-interop/,"26 FFI, serialization, and public contracts",li,200,https://rust.robertdevore.com/course/26-interop/,0,valid,,
baseline,https://rust.robertdevore.com/course/20-async/,https://rust.robertdevore.com/course/27-capstone/,27 Capstone: ship Fieldnotes,li,200,https://rust.robertdevore.com/course/27-capstone/,0,valid,,
baseline,https://rust.robertdevore.com/course/20-async/,https://rust.robertdevore.com/course/28-release/,"28 Release, maintain, and keep learning",li,200,https://rust.robertdevore.com/course/28-release/,0,valid,,
baseline,https://rust.robertdevore.com/course/20-async/,https://rust.robertdevore.com/course/,Course,div,200,https://rust.robertdevore.com/course/,0,valid,,
baseline,https://rust.robertdevore.com/course/20-async/,https://rust.robertdevore.com/course/19-futures/,← Previous lesson Futures before runtimes,nav,200,https://rust.robertdevore.com/course/19-futures/,0,valid,,
baseline,https://rust.robertdevore.com/course/20-async/,https://rust.robertdevore.com/course/21-pin/,Next lesson → Pin and async trait boundaries,nav,200,https://rust.robertdevore.com/course/21-pin/,0,valid,,
baseline,https://rust.robertdevore.com/course/20-async/,https://rust.robertdevore.com/course/20-async/#five-layers-five-responsibilities,"Five layers, five responsibilities",nav,200,https://rust.robertdevore.com/course/20-async/,0,valid,,
baseline,https://rust.robertdevore.com/course/20-async/,https://rust.robertdevore.com/course/20-async/#bound-the-work-that-can-accumulate,Bound the work that can accumulate,nav,200,https://rust.robertdevore.com/course/20-async/,0,valid,,
baseline,https://rust.robertdevore.com/course/20-async/,https://rust.robertdevore.com/course/20-async/#cancellation-needs-an-operation-specific-contract,Cancellation needs an operation-specific contract,nav,200,https://rust.robertdevore.com/course/20-async/,0,valid,,
baseline,https://rust.robertdevore.com/course/20-async/,https://rust.robertdevore.com/course/20-async/#exercise,Exercise,nav,200,https://rust.robertdevore.com/course/20-async/,0,valid,,
baseline,https://rust.robertdevore.com/course/20-async/,https://rust.robertdevore.com/,R_ / Rust Course,footer,200,https://rust.robertdevore.com/,0,valid,,
baseline,https://rust.robertdevore.com/course/20-async/,https://rust.robertdevore.com/about/#technical-freshness,"Verified September 6, 2026",div,200,https://rust.robertdevore.com/about/,0,valid,,
baseline,https://rust.robertdevore.com/course/20-async/,https://rust.robertdevore.com/sitemap.xml,Sitemap,div,200,https://rust.robertdevore.com/sitemap.xml,0,valid,,
baseline,https://rust.robertdevore.com/course/21-pin/,https://rust.robertdevore.com/course/21-pin/#main,Skip to content,body,200,https://rust.robertdevore.com/course/21-pin/,0,valid,,
baseline,https://rust.robertdevore.com/course/21-pin/,https://rust.robertdevore.com/,Rust / the practical course,header,200,https://rust.robertdevore.com/,0,valid,,
baseline,https://rust.robertdevore.com/course/21-pin/,https://rust.robertdevore.com/course/,Curriculum,nav,200,https://rust.robertdevore.com/course/,0,valid,,
baseline,https://rust.robertdevore.com/course/21-pin/,https://rust.robertdevore.com/practice/,Practice,nav,200,https://rust.robertdevore.com/practice/,0,valid,,
baseline,https://rust.robertdevore.com/course/21-pin/,https://rust.robertdevore.com/about/,About,nav,200,https://rust.robertdevore.com/about/,0,valid,,
baseline,https://rust.robertdevore.com/course/21-pin/,https://rust.robertdevore.com/course/,← All lessons,aside,200,https://rust.robertdevore.com/course/,0,valid,,
baseline,https://rust.robertdevore.com/course/21-pin/,https://rust.robertdevore.com/course/01-start/,01 Set up your Rust workshop,li,200,https://rust.robertdevore.com/course/01-start/,0,valid,,
baseline,https://rust.robertdevore.com/course/21-pin/,https://rust.robertdevore.com/course/02-values/,"02 Values, functions, and control flow",li,200,https://rust.robertdevore.com/course/02-values/,0,valid,,
baseline,https://rust.robertdevore.com/course/21-pin/,https://rust.robertdevore.com/course/03-ownership/,"03 Ownership, places, and moves",li,200,https://rust.robertdevore.com/course/03-ownership/,0,valid,,
baseline,https://rust.robertdevore.com/course/21-pin/,https://rust.robertdevore.com/course/04-borrowing/,04 Borrowing and reborrowing,li,200,https://rust.robertdevore.com/course/04-borrowing/,0,valid,,
baseline,https://rust.robertdevore.com/course/21-pin/,https://rust.robertdevore.com/course/05-text/,"05 Strings, slices, and collections",li,200,https://rust.robertdevore.com/course/05-text/,0,valid,,
baseline,https://rust.robertdevore.com/course/21-pin/,https://rust.robertdevore.com/course/06-model/,"06 Structs, enums, and useful states",li,200,https://rust.robertdevore.com/course/06-model/,0,valid,,
baseline,https://rust.robertdevore.com/course/21-pin/,https://rust.robertdevore.com/course/07-errors/,07 Errors as part of the interface,li,200,https://rust.robertdevore.com/course/07-errors/,0,valid,,
baseline,https://rust.robertdevore.com/course/21-pin/,https://rust.robertdevore.com/course/08-first-build/,08 Stage build: the first event counter,li,200,https://rust.robertdevore.com/course/08-first-build/,0,valid,,
baseline,https://rust.robertdevore.com/course/21-pin/,https://rust.robertdevore.com/course/09-lifetimes/,09 Lifetimes describe relationships,li,200,https://rust.robertdevore.com/course/09-lifetimes/,0,valid,,
baseline,https://rust.robertdevore.com/course/21-pin/,https://rust.robertdevore.com/course/10-traits/,10 Traits where abstraction earns its place,li,200,https://rust.robertdevore.com/course/10-traits/,0,valid,,
baseline,https://rust.robertdevore.com/course/21-pin/,https://rust.robertdevore.com/course/11-iterators/,11 Iterators and closures without hidden ownership,li,200,https://rust.robertdevore.com/course/11-iterators/,0,valid,,
baseline,https://rust.robertdevore.com/course/21-pin/,https://rust.robertdevore.com/course/12-reader/,12 Stage build: a bounded streaming library,li,200,https://rust.robertdevore.com/course/12-reader/,0,valid,,
baseline,https://rust.robertdevore.com/course/21-pin/,https://rust.robertdevore.com/course/13-cargo/,"13 Cargo, modules, and dependency boundaries",li,200,https://rust.robertdevore.com/course/13-cargo/,0,valid,,
baseline,https://rust.robertdevore.com/course/21-pin/,https://rust.robertdevore.com/course/14-testing/,"14 Tests, diagnostics, and complementary tools",li,200,https://rust.robertdevore.com/course/14-testing/,0,valid,,
baseline,https://rust.robertdevore.com/course/21-pin/,https://rust.robertdevore.com/course/15-interior/,15 Interior mutability and shared ownership,li,200,https://rust.robertdevore.com/course/15-interior/,0,valid,,
baseline,https://rust.robertdevore.com/course/21-pin/,https://rust.robertdevore.com/course/16-threads/,"16 Threads, Send, and Sync",li,200,https://rust.robertdevore.com/course/16-threads/,0,valid,,
baseline,https://rust.robertdevore.com/course/21-pin/,https://rust.robertdevore.com/course/17-synchronization/,"17 Channels, locks, and shutdown",li,200,https://rust.robertdevore.com/course/17-synchronization/,0,valid,,
baseline,https://rust.robertdevore.com/course/21-pin/,https://rust.robertdevore.com/course/18-atomics/,18 Atomics and memory ordering,li,200,https://rust.robertdevore.com/course/18-atomics/,0,valid,,
baseline,https://rust.robertdevore.com/course/21-pin/,https://rust.robertdevore.com/course/19-futures/,19 Futures before runtimes,li,200,https://rust.robertdevore.com/course/19-futures/,0,valid,,
baseline,https://rust.robertdevore.com/course/21-pin/,https://rust.robertdevore.com/course/20-async/,"20 Tokio tasks, blocking, and cancellation",li,200,https://rust.robertdevore.com/course/20-async/,0,valid,,
baseline,https://rust.robertdevore.com/course/21-pin/,https://rust.robertdevore.com/course/21-pin/,21 Pin and async trait boundaries,li,200,https://rust.robertdevore.com/course/21-pin/,0,valid,,
baseline,https://rust.robertdevore.com/course/21-pin/,https://rust.robertdevore.com/course/22-async-build/,22 Stage build: an async ingestion pipeline,li,200,https://rust.robertdevore.com/course/22-async-build/,0,valid,,
baseline,https://rust.robertdevore.com/course/21-pin/,https://rust.robertdevore.com/course/23-unsafe/,23 Unsafe boundaries and soundness,li,200,https://rust.robertdevore.com/course/23-unsafe/,0,valid,,
baseline,https://rust.robertdevore.com/course/21-pin/,https://rust.robertdevore.com/course/24-performance/,24 Measure performance and resource use,li,200,https://rust.robertdevore.com/course/24-performance/,0,valid,,
baseline,https://rust.robertdevore.com/course/21-pin/,https://rust.robertdevore.com/course/25-horizon/,25 Stable Rust and the horizon,li,200,https://rust.robertdevore.com/course/25-horizon/,0,valid,,
baseline,https://rust.robertdevore.com/course/21-pin/,https://rust.robertdevore.com/course/26-interop/,"26 FFI, serialization, and public contracts",li,200,https://rust.robertdevore.com/course/26-interop/,0,valid,,
baseline,https://rust.robertdevore.com/course/21-pin/,https://rust.robertdevore.com/course/27-capstone/,27 Capstone: ship Fieldnotes,li,200,https://rust.robertdevore.com/course/27-capstone/,0,valid,,
baseline,https://rust.robertdevore.com/course/21-pin/,https://rust.robertdevore.com/course/28-release/,"28 Release, maintain, and keep learning",li,200,https://rust.robertdevore.com/course/28-release/,0,valid,,
baseline,https://rust.robertdevore.com/course/21-pin/,https://rust.robertdevore.com/course/,Course,div,200,https://rust.robertdevore.com/course/,0,valid,,
baseline,https://rust.robertdevore.com/course/21-pin/,https://rust.robertdevore.com/course/20-async/,"← Previous lesson Tokio tasks, blocking, and cancellation",nav,200,https://rust.robertdevore.com/course/20-async/,0,valid,,
baseline,https://rust.robertdevore.com/course/21-pin/,https://rust.robertdevore.com/course/22-async-build/,Next lesson → Stage build: an async ingestion pipeline,nav,200,https://rust.robertdevore.com/course/22-async-build/,0,valid,,
baseline,https://rust.robertdevore.com/course/21-pin/,https://rust.robertdevore.com/course/21-pin/#pin-is-a-promise-about-a-pointee,Pin is a promise about a pointee,nav,200,https://rust.robertdevore.com/course/21-pin/,0,valid,,
baseline,https://rust.robertdevore.com/course/21-pin/,https://rust.robertdevore.com/course/21-pin/#use-safe-constructors-first,Use safe constructors first,nav,200,https://rust.robertdevore.com/course/21-pin/,0,valid,,
baseline,https://rust.robertdevore.com/course/21-pin/,https://rust.robertdevore.com/course/21-pin/#stable-async-traits-are-not-every-async-trait-feature,Stable async traits are not every async trait feature,nav,200,https://rust.robertdevore.com/course/21-pin/,0,valid,,
baseline,https://rust.robertdevore.com/course/21-pin/,https://rust.robertdevore.com/course/21-pin/#exercise,Exercise,nav,200,https://rust.robertdevore.com/course/21-pin/,0,valid,,
baseline,https://rust.robertdevore.com/course/21-pin/,https://rust.robertdevore.com/,R_ / Rust Course,footer,200,https://rust.robertdevore.com/,0,valid,,
baseline,https://rust.robertdevore.com/course/21-pin/,https://rust.robertdevore.com/about/#technical-freshness,"Verified September 6, 2026",div,200,https://rust.robertdevore.com/about/,0,valid,,
baseline,https://rust.robertdevore.com/course/21-pin/,https://rust.robertdevore.com/sitemap.xml,Sitemap,div,200,https://rust.robertdevore.com/sitemap.xml,0,valid,,
baseline,https://rust.robertdevore.com/course/22-async-build/,https://rust.robertdevore.com/course/22-async-build/#main,Skip to content,body,200,https://rust.robertdevore.com/course/22-async-build/,0,valid,,
baseline,https://rust.robertdevore.com/course/22-async-build/,https://rust.robertdevore.com/,Rust / the practical course,header,200,https://rust.robertdevore.com/,0,valid,,
baseline,https://rust.robertdevore.com/course/22-async-build/,https://rust.robertdevore.com/course/,Curriculum,nav,200,https://rust.robertdevore.com/course/,0,valid,,
baseline,https://rust.robertdevore.com/course/22-async-build/,https://rust.robertdevore.com/practice/,Practice,nav,200,https://rust.robertdevore.com/practice/,0,valid,,
baseline,https://rust.robertdevore.com/course/22-async-build/,https://rust.robertdevore.com/about/,About,nav,200,https://rust.robertdevore.com/about/,0,valid,,
baseline,https://rust.robertdevore.com/course/22-async-build/,https://rust.robertdevore.com/course/,← All lessons,aside,200,https://rust.robertdevore.com/course/,0,valid,,
baseline,https://rust.robertdevore.com/course/22-async-build/,https://rust.robertdevore.com/course/01-start/,01 Set up your Rust workshop,li,200,https://rust.robertdevore.com/course/01-start/,0,valid,,
baseline,https://rust.robertdevore.com/course/22-async-build/,https://rust.robertdevore.com/course/02-values/,"02 Values, functions, and control flow",li,200,https://rust.robertdevore.com/course/02-values/,0,valid,,
baseline,https://rust.robertdevore.com/course/22-async-build/,https://rust.robertdevore.com/course/03-ownership/,"03 Ownership, places, and moves",li,200,https://rust.robertdevore.com/course/03-ownership/,0,valid,,
baseline,https://rust.robertdevore.com/course/22-async-build/,https://rust.robertdevore.com/course/04-borrowing/,04 Borrowing and reborrowing,li,200,https://rust.robertdevore.com/course/04-borrowing/,0,valid,,
baseline,https://rust.robertdevore.com/course/22-async-build/,https://rust.robertdevore.com/course/05-text/,"05 Strings, slices, and collections",li,200,https://rust.robertdevore.com/course/05-text/,0,valid,,
baseline,https://rust.robertdevore.com/course/22-async-build/,https://rust.robertdevore.com/course/06-model/,"06 Structs, enums, and useful states",li,200,https://rust.robertdevore.com/course/06-model/,0,valid,,
baseline,https://rust.robertdevore.com/course/22-async-build/,https://rust.robertdevore.com/course/07-errors/,07 Errors as part of the interface,li,200,https://rust.robertdevore.com/course/07-errors/,0,valid,,
baseline,https://rust.robertdevore.com/course/22-async-build/,https://rust.robertdevore.com/course/08-first-build/,08 Stage build: the first event counter,li,200,https://rust.robertdevore.com/course/08-first-build/,0,valid,,
baseline,https://rust.robertdevore.com/course/22-async-build/,https://rust.robertdevore.com/course/09-lifetimes/,09 Lifetimes describe relationships,li,200,https://rust.robertdevore.com/course/09-lifetimes/,0,valid,,
baseline,https://rust.robertdevore.com/course/22-async-build/,https://rust.robertdevore.com/course/10-traits/,10 Traits where abstraction earns its place,li,200,https://rust.robertdevore.com/course/10-traits/,0,valid,,
baseline,https://rust.robertdevore.com/course/22-async-build/,https://rust.robertdevore.com/course/11-iterators/,11 Iterators and closures without hidden ownership,li,200,https://rust.robertdevore.com/course/11-iterators/,0,valid,,
baseline,https://rust.robertdevore.com/course/22-async-build/,https://rust.robertdevore.com/course/12-reader/,12 Stage build: a bounded streaming library,li,200,https://rust.robertdevore.com/course/12-reader/,0,valid,,
baseline,https://rust.robertdevore.com/course/22-async-build/,https://rust.robertdevore.com/course/13-cargo/,"13 Cargo, modules, and dependency boundaries",li,200,https://rust.robertdevore.com/course/13-cargo/,0,valid,,
baseline,https://rust.robertdevore.com/course/22-async-build/,https://rust.robertdevore.com/course/14-testing/,"14 Tests, diagnostics, and complementary tools",li,200,https://rust.robertdevore.com/course/14-testing/,0,valid,,
baseline,https://rust.robertdevore.com/course/22-async-build/,https://rust.robertdevore.com/course/15-interior/,15 Interior mutability and shared ownership,li,200,https://rust.robertdevore.com/course/15-interior/,0,valid,,
baseline,https://rust.robertdevore.com/course/22-async-build/,https://rust.robertdevore.com/course/16-threads/,"16 Threads, Send, and Sync",li,200,https://rust.robertdevore.com/course/16-threads/,0,valid,,
baseline,https://rust.robertdevore.com/course/22-async-build/,https://rust.robertdevore.com/course/17-synchronization/,"17 Channels, locks, and shutdown",li,200,https://rust.robertdevore.com/course/17-synchronization/,0,valid,,
baseline,https://rust.robertdevore.com/course/22-async-build/,https://rust.robertdevore.com/course/18-atomics/,18 Atomics and memory ordering,li,200,https://rust.robertdevore.com/course/18-atomics/,0,valid,,
baseline,https://rust.robertdevore.com/course/22-async-build/,https://rust.robertdevore.com/course/19-futures/,19 Futures before runtimes,li,200,https://rust.robertdevore.com/course/19-futures/,0,valid,,
baseline,https://rust.robertdevore.com/course/22-async-build/,https://rust.robertdevore.com/course/20-async/,"20 Tokio tasks, blocking, and cancellation",li,200,https://rust.robertdevore.com/course/20-async/,0,valid,,
baseline,https://rust.robertdevore.com/course/22-async-build/,https://rust.robertdevore.com/course/21-pin/,21 Pin and async trait boundaries,li,200,https://rust.robertdevore.com/course/21-pin/,0,valid,,
baseline,https://rust.robertdevore.com/course/22-async-build/,https://rust.robertdevore.com/course/22-async-build/,22 Stage build: an async ingestion pipeline,li,200,https://rust.robertdevore.com/course/22-async-build/,0,valid,,
baseline,https://rust.robertdevore.com/course/22-async-build/,https://rust.robertdevore.com/course/23-unsafe/,23 Unsafe boundaries and soundness,li,200,https://rust.robertdevore.com/course/23-unsafe/,0,valid,,
baseline,https://rust.robertdevore.com/course/22-async-build/,https://rust.robertdevore.com/course/24-performance/,24 Measure performance and resource use,li,200,https://rust.robertdevore.com/course/24-performance/,0,valid,,
baseline,https://rust.robertdevore.com/course/22-async-build/,https://rust.robertdevore.com/course/25-horizon/,25 Stable Rust and the horizon,li,200,https://rust.robertdevore.com/course/25-horizon/,0,valid,,
baseline,https://rust.robertdevore.com/course/22-async-build/,https://rust.robertdevore.com/course/26-interop/,"26 FFI, serialization, and public contracts",li,200,https://rust.robertdevore.com/course/26-interop/,0,valid,,
baseline,https://rust.robertdevore.com/course/22-async-build/,https://rust.robertdevore.com/course/27-capstone/,27 Capstone: ship Fieldnotes,li,200,https://rust.robertdevore.com/course/27-capstone/,0,valid,,
baseline,https://rust.robertdevore.com/course/22-async-build/,https://rust.robertdevore.com/course/28-release/,"28 Release, maintain, and keep learning",li,200,https://rust.robertdevore.com/course/28-release/,0,valid,,
baseline,https://rust.robertdevore.com/course/22-async-build/,https://rust.robertdevore.com/course/,Course,div,200,https://rust.robertdevore.com/course/,0,valid,,
baseline,https://rust.robertdevore.com/course/22-async-build/,https://rust.robertdevore.com/course/21-pin/,← Previous lesson Pin and async trait boundaries,nav,200,https://rust.robertdevore.com/course/21-pin/,0,valid,,
baseline,https://rust.robertdevore.com/course/22-async-build/,https://rust.robertdevore.com/course/23-unsafe/,Next lesson → Unsafe boundaries and soundness,nav,200,https://rust.robertdevore.com/course/23-unsafe/,0,valid,,
baseline,https://rust.robertdevore.com/course/22-async-build/,https://rust.robertdevore.com/course/22-async-build/#build-brief,Build brief,nav,200,https://rust.robertdevore.com/course/22-async-build/,0,valid,,
baseline,https://rust.robertdevore.com/course/22-async-build/,https://rust.robertdevore.com/course/22-async-build/#explain-the-limits-honestly,Explain the limits honestly,nav,200,https://rust.robertdevore.com/course/22-async-build/,0,valid,,
baseline,https://rust.robertdevore.com/course/22-async-build/,https://rust.robertdevore.com/course/22-async-build/#cancellation-exercise,Cancellation exercise,nav,200,https://rust.robertdevore.com/course/22-async-build/,0,valid,,
baseline,https://rust.robertdevore.com/course/22-async-build/,https://rust.robertdevore.com/course/22-async-build/#review-the-ownership-graph,Review the ownership graph,nav,200,https://rust.robertdevore.com/course/22-async-build/,0,valid,,
baseline,https://rust.robertdevore.com/course/22-async-build/,https://rust.robertdevore.com/,R_ / Rust Course,footer,200,https://rust.robertdevore.com/,0,valid,,
baseline,https://rust.robertdevore.com/course/22-async-build/,https://rust.robertdevore.com/about/#technical-freshness,"Verified September 6, 2026",div,200,https://rust.robertdevore.com/about/,0,valid,,
baseline,https://rust.robertdevore.com/course/22-async-build/,https://rust.robertdevore.com/sitemap.xml,Sitemap,div,200,https://rust.robertdevore.com/sitemap.xml,0,valid,,
baseline,https://rust.robertdevore.com/course/23-unsafe/,https://rust.robertdevore.com/course/23-unsafe/#main,Skip to content,body,200,https://rust.robertdevore.com/course/23-unsafe/,0,valid,,
baseline,https://rust.robertdevore.com/course/23-unsafe/,https://rust.robertdevore.com/,Rust / the practical course,header,200,https://rust.robertdevore.com/,0,valid,,
baseline,https://rust.robertdevore.com/course/23-unsafe/,https://rust.robertdevore.com/course/,Curriculum,nav,200,https://rust.robertdevore.com/course/,0,valid,,
baseline,https://rust.robertdevore.com/course/23-unsafe/,https://rust.robertdevore.com/practice/,Practice,nav,200,https://rust.robertdevore.com/practice/,0,valid,,
baseline,https://rust.robertdevore.com/course/23-unsafe/,https://rust.robertdevore.com/about/,About,nav,200,https://rust.robertdevore.com/about/,0,valid,,
baseline,https://rust.robertdevore.com/course/23-unsafe/,https://rust.robertdevore.com/course/,← All lessons,aside,200,https://rust.robertdevore.com/course/,0,valid,,
baseline,https://rust.robertdevore.com/course/23-unsafe/,https://rust.robertdevore.com/course/01-start/,01 Set up your Rust workshop,li,200,https://rust.robertdevore.com/course/01-start/,0,valid,,
baseline,https://rust.robertdevore.com/course/23-unsafe/,https://rust.robertdevore.com/course/02-values/,"02 Values, functions, and control flow",li,200,https://rust.robertdevore.com/course/02-values/,0,valid,,
baseline,https://rust.robertdevore.com/course/23-unsafe/,https://rust.robertdevore.com/course/03-ownership/,"03 Ownership, places, and moves",li,200,https://rust.robertdevore.com/course/03-ownership/,0,valid,,
baseline,https://rust.robertdevore.com/course/23-unsafe/,https://rust.robertdevore.com/course/04-borrowing/,04 Borrowing and reborrowing,li,200,https://rust.robertdevore.com/course/04-borrowing/,0,valid,,
baseline,https://rust.robertdevore.com/course/23-unsafe/,https://rust.robertdevore.com/course/05-text/,"05 Strings, slices, and collections",li,200,https://rust.robertdevore.com/course/05-text/,0,valid,,
baseline,https://rust.robertdevore.com/course/23-unsafe/,https://rust.robertdevore.com/course/06-model/,"06 Structs, enums, and useful states",li,200,https://rust.robertdevore.com/course/06-model/,0,valid,,
baseline,https://rust.robertdevore.com/course/23-unsafe/,https://rust.robertdevore.com/course/07-errors/,07 Errors as part of the interface,li,200,https://rust.robertdevore.com/course/07-errors/,0,valid,,
baseline,https://rust.robertdevore.com/course/23-unsafe/,https://rust.robertdevore.com/course/08-first-build/,08 Stage build: the first event counter,li,200,https://rust.robertdevore.com/course/08-first-build/,0,valid,,
baseline,https://rust.robertdevore.com/course/23-unsafe/,https://rust.robertdevore.com/course/09-lifetimes/,09 Lifetimes describe relationships,li,200,https://rust.robertdevore.com/course/09-lifetimes/,0,valid,,
baseline,https://rust.robertdevore.com/course/23-unsafe/,https://rust.robertdevore.com/course/10-traits/,10 Traits where abstraction earns its place,li,200,https://rust.robertdevore.com/course/10-traits/,0,valid,,
baseline,https://rust.robertdevore.com/course/23-unsafe/,https://rust.robertdevore.com/course/11-iterators/,11 Iterators and closures without hidden ownership,li,200,https://rust.robertdevore.com/course/11-iterators/,0,valid,,
baseline,https://rust.robertdevore.com/course/23-unsafe/,https://rust.robertdevore.com/course/12-reader/,12 Stage build: a bounded streaming library,li,200,https://rust.robertdevore.com/course/12-reader/,0,valid,,
baseline,https://rust.robertdevore.com/course/23-unsafe/,https://rust.robertdevore.com/course/13-cargo/,"13 Cargo, modules, and dependency boundaries",li,200,https://rust.robertdevore.com/course/13-cargo/,0,valid,,
baseline,https://rust.robertdevore.com/course/23-unsafe/,https://rust.robertdevore.com/course/14-testing/,"14 Tests, diagnostics, and complementary tools",li,200,https://rust.robertdevore.com/course/14-testing/,0,valid,,
baseline,https://rust.robertdevore.com/course/23-unsafe/,https://rust.robertdevore.com/course/15-interior/,15 Interior mutability and shared ownership,li,200,https://rust.robertdevore.com/course/15-interior/,0,valid,,
baseline,https://rust.robertdevore.com/course/23-unsafe/,https://rust.robertdevore.com/course/16-threads/,"16 Threads, Send, and Sync",li,200,https://rust.robertdevore.com/course/16-threads/,0,valid,,
baseline,https://rust.robertdevore.com/course/23-unsafe/,https://rust.robertdevore.com/course/17-synchronization/,"17 Channels, locks, and shutdown",li,200,https://rust.robertdevore.com/course/17-synchronization/,0,valid,,
baseline,https://rust.robertdevore.com/course/23-unsafe/,https://rust.robertdevore.com/course/18-atomics/,18 Atomics and memory ordering,li,200,https://rust.robertdevore.com/course/18-atomics/,0,valid,,
baseline,https://rust.robertdevore.com/course/23-unsafe/,https://rust.robertdevore.com/course/19-futures/,19 Futures before runtimes,li,200,https://rust.robertdevore.com/course/19-futures/,0,valid,,
baseline,https://rust.robertdevore.com/course/23-unsafe/,https://rust.robertdevore.com/course/20-async/,"20 Tokio tasks, blocking, and cancellation",li,200,https://rust.robertdevore.com/course/20-async/,0,valid,,
baseline,https://rust.robertdevore.com/course/23-unsafe/,https://rust.robertdevore.com/course/21-pin/,21 Pin and async trait boundaries,li,200,https://rust.robertdevore.com/course/21-pin/,0,valid,,
baseline,https://rust.robertdevore.com/course/23-unsafe/,https://rust.robertdevore.com/course/22-async-build/,22 Stage build: an async ingestion pipeline,li,200,https://rust.robertdevore.com/course/22-async-build/,0,valid,,
baseline,https://rust.robertdevore.com/course/23-unsafe/,https://rust.robertdevore.com/course/23-unsafe/,23 Unsafe boundaries and soundness,li,200,https://rust.robertdevore.com/course/23-unsafe/,0,valid,,
baseline,https://rust.robertdevore.com/course/23-unsafe/,https://rust.robertdevore.com/course/24-performance/,24 Measure performance and resource use,li,200,https://rust.robertdevore.com/course/24-performance/,0,valid,,
baseline,https://rust.robertdevore.com/course/23-unsafe/,https://rust.robertdevore.com/course/25-horizon/,25 Stable Rust and the horizon,li,200,https://rust.robertdevore.com/course/25-horizon/,0,valid,,
baseline,https://rust.robertdevore.com/course/23-unsafe/,https://rust.robertdevore.com/course/26-interop/,"26 FFI, serialization, and public contracts",li,200,https://rust.robertdevore.com/course/26-interop/,0,valid,,
baseline,https://rust.robertdevore.com/course/23-unsafe/,https://rust.robertdevore.com/course/27-capstone/,27 Capstone: ship Fieldnotes,li,200,https://rust.robertdevore.com/course/27-capstone/,0,valid,,
baseline,https://rust.robertdevore.com/course/23-unsafe/,https://rust.robertdevore.com/course/28-release/,"28 Release, maintain, and keep learning",li,200,https://rust.robertdevore.com/course/28-release/,0,valid,,
baseline,https://rust.robertdevore.com/course/23-unsafe/,https://rust.robertdevore.com/course/,Course,div,200,https://rust.robertdevore.com/course/,0,valid,,
baseline,https://rust.robertdevore.com/course/23-unsafe/,https://rust.robertdevore.com/course/22-async-build/,← Previous lesson Stage build: an async ingestion pipeline,nav,200,https://rust.robertdevore.com/course/22-async-build/,0,valid,,
baseline,https://rust.robertdevore.com/course/23-unsafe/,https://rust.robertdevore.com/course/24-performance/,Next lesson → Measure performance and resource use,nav,200,https://rust.robertdevore.com/course/24-performance/,0,valid,,
baseline,https://rust.robertdevore.com/course/23-unsafe/,https://rust.robertdevore.com/course/23-unsafe/#unsafe-does-not-suspend-rust-s-rules,Unsafe does not suspend Rust's rules,nav,200,https://rust.robertdevore.com/course/23-unsafe/,0,valid,,
baseline,https://rust.robertdevore.com/course/23-unsafe/,https://rust.robertdevore.com/course/23-unsafe/#the-safety-argument,The safety argument,nav,200,https://rust.robertdevore.com/course/23-unsafe/,0,valid,,
baseline,https://rust.robertdevore.com/course/23-unsafe/,https://rust.robertdevore.com/course/23-unsafe/#aliasing-is-more-than-addresses,Aliasing is more than addresses,nav,200,https://rust.robertdevore.com/course/23-unsafe/,0,valid,,
baseline,https://rust.robertdevore.com/course/23-unsafe/,https://rust.robertdevore.com/course/23-unsafe/#exercise,Exercise,nav,200,https://rust.robertdevore.com/course/23-unsafe/,0,valid,,
baseline,https://rust.robertdevore.com/course/23-unsafe/,https://rust.robertdevore.com/,R_ / Rust Course,footer,200,https://rust.robertdevore.com/,0,valid,,
baseline,https://rust.robertdevore.com/course/23-unsafe/,https://rust.robertdevore.com/about/#technical-freshness,"Verified September 6, 2026",div,200,https://rust.robertdevore.com/about/,0,valid,,
baseline,https://rust.robertdevore.com/course/23-unsafe/,https://rust.robertdevore.com/sitemap.xml,Sitemap,div,200,https://rust.robertdevore.com/sitemap.xml,0,valid,,
baseline,https://rust.robertdevore.com/course/24-performance/,https://rust.robertdevore.com/course/24-performance/#main,Skip to content,body,200,https://rust.robertdevore.com/course/24-performance/,0,valid,,
baseline,https://rust.robertdevore.com/course/24-performance/,https://rust.robertdevore.com/,Rust / the practical course,header,200,https://rust.robertdevore.com/,0,valid,,
baseline,https://rust.robertdevore.com/course/24-performance/,https://rust.robertdevore.com/course/,Curriculum,nav,200,https://rust.robertdevore.com/course/,0,valid,,
baseline,https://rust.robertdevore.com/course/24-performance/,https://rust.robertdevore.com/practice/,Practice,nav,200,https://rust.robertdevore.com/practice/,0,valid,,
baseline,https://rust.robertdevore.com/course/24-performance/,https://rust.robertdevore.com/about/,About,nav,200,https://rust.robertdevore.com/about/,0,valid,,
baseline,https://rust.robertdevore.com/course/24-performance/,https://rust.robertdevore.com/course/,← All lessons,aside,200,https://rust.robertdevore.com/course/,0,valid,,
baseline,https://rust.robertdevore.com/course/24-performance/,https://rust.robertdevore.com/course/01-start/,01 Set up your Rust workshop,li,200,https://rust.robertdevore.com/course/01-start/,0,valid,,
baseline,https://rust.robertdevore.com/course/24-performance/,https://rust.robertdevore.com/course/02-values/,"02 Values, functions, and control flow",li,200,https://rust.robertdevore.com/course/02-values/,0,valid,,
baseline,https://rust.robertdevore.com/course/24-performance/,https://rust.robertdevore.com/course/03-ownership/,"03 Ownership, places, and moves",li,200,https://rust.robertdevore.com/course/03-ownership/,0,valid,,
baseline,https://rust.robertdevore.com/course/24-performance/,https://rust.robertdevore.com/course/04-borrowing/,04 Borrowing and reborrowing,li,200,https://rust.robertdevore.com/course/04-borrowing/,0,valid,,
baseline,https://rust.robertdevore.com/course/24-performance/,https://rust.robertdevore.com/course/05-text/,"05 Strings, slices, and collections",li,200,https://rust.robertdevore.com/course/05-text/,0,valid,,
baseline,https://rust.robertdevore.com/course/24-performance/,https://rust.robertdevore.com/course/06-model/,"06 Structs, enums, and useful states",li,200,https://rust.robertdevore.com/course/06-model/,0,valid,,
baseline,https://rust.robertdevore.com/course/24-performance/,https://rust.robertdevore.com/course/07-errors/,07 Errors as part of the interface,li,200,https://rust.robertdevore.com/course/07-errors/,0,valid,,
baseline,https://rust.robertdevore.com/course/24-performance/,https://rust.robertdevore.com/course/08-first-build/,08 Stage build: the first event counter,li,200,https://rust.robertdevore.com/course/08-first-build/,0,valid,,
baseline,https://rust.robertdevore.com/course/24-performance/,https://rust.robertdevore.com/course/09-lifetimes/,09 Lifetimes describe relationships,li,200,https://rust.robertdevore.com/course/09-lifetimes/,0,valid,,
baseline,https://rust.robertdevore.com/course/24-performance/,https://rust.robertdevore.com/course/10-traits/,10 Traits where abstraction earns its place,li,200,https://rust.robertdevore.com/course/10-traits/,0,valid,,
baseline,https://rust.robertdevore.com/course/24-performance/,https://rust.robertdevore.com/course/11-iterators/,11 Iterators and closures without hidden ownership,li,200,https://rust.robertdevore.com/course/11-iterators/,0,valid,,
baseline,https://rust.robertdevore.com/course/24-performance/,https://rust.robertdevore.com/course/12-reader/,12 Stage build: a bounded streaming library,li,200,https://rust.robertdevore.com/course/12-reader/,0,valid,,
baseline,https://rust.robertdevore.com/course/24-performance/,https://rust.robertdevore.com/course/13-cargo/,"13 Cargo, modules, and dependency boundaries",li,200,https://rust.robertdevore.com/course/13-cargo/,0,valid,,
baseline,https://rust.robertdevore.com/course/24-performance/,https://rust.robertdevore.com/course/14-testing/,"14 Tests, diagnostics, and complementary tools",li,200,https://rust.robertdevore.com/course/14-testing/,0,valid,,
baseline,https://rust.robertdevore.com/course/24-performance/,https://rust.robertdevore.com/course/15-interior/,15 Interior mutability and shared ownership,li,200,https://rust.robertdevore.com/course/15-interior/,0,valid,,
baseline,https://rust.robertdevore.com/course/24-performance/,https://rust.robertdevore.com/course/16-threads/,"16 Threads, Send, and Sync",li,200,https://rust.robertdevore.com/course/16-threads/,0,valid,,
baseline,https://rust.robertdevore.com/course/24-performance/,https://rust.robertdevore.com/course/17-synchronization/,"17 Channels, locks, and shutdown",li,200,https://rust.robertdevore.com/course/17-synchronization/,0,valid,,
baseline,https://rust.robertdevore.com/course/24-performance/,https://rust.robertdevore.com/course/18-atomics/,18 Atomics and memory ordering,li,200,https://rust.robertdevore.com/course/18-atomics/,0,valid,,
baseline,https://rust.robertdevore.com/course/24-performance/,https://rust.robertdevore.com/course/19-futures/,19 Futures before runtimes,li,200,https://rust.robertdevore.com/course/19-futures/,0,valid,,
baseline,https://rust.robertdevore.com/course/24-performance/,https://rust.robertdevore.com/course/20-async/,"20 Tokio tasks, blocking, and cancellation",li,200,https://rust.robertdevore.com/course/20-async/,0,valid,,
baseline,https://rust.robertdevore.com/course/24-performance/,https://rust.robertdevore.com/course/21-pin/,21 Pin and async trait boundaries,li,200,https://rust.robertdevore.com/course/21-pin/,0,valid,,
baseline,https://rust.robertdevore.com/course/24-performance/,https://rust.robertdevore.com/course/22-async-build/,22 Stage build: an async ingestion pipeline,li,200,https://rust.robertdevore.com/course/22-async-build/,0,valid,,
baseline,https://rust.robertdevore.com/course/24-performance/,https://rust.robertdevore.com/course/23-unsafe/,23 Unsafe boundaries and soundness,li,200,https://rust.robertdevore.com/course/23-unsafe/,0,valid,,
baseline,https://rust.robertdevore.com/course/24-performance/,https://rust.robertdevore.com/course/24-performance/,24 Measure performance and resource use,li,200,https://rust.robertdevore.com/course/24-performance/,0,valid,,
baseline,https://rust.robertdevore.com/course/24-performance/,https://rust.robertdevore.com/course/25-horizon/,25 Stable Rust and the horizon,li,200,https://rust.robertdevore.com/course/25-horizon/,0,valid,,
baseline,https://rust.robertdevore.com/course/24-performance/,https://rust.robertdevore.com/course/26-interop/,"26 FFI, serialization, and public contracts",li,200,https://rust.robertdevore.com/course/26-interop/,0,valid,,
baseline,https://rust.robertdevore.com/course/24-performance/,https://rust.robertdevore.com/course/27-capstone/,27 Capstone: ship Fieldnotes,li,200,https://rust.robertdevore.com/course/27-capstone/,0,valid,,
baseline,https://rust.robertdevore.com/course/24-performance/,https://rust.robertdevore.com/course/28-release/,"28 Release, maintain, and keep learning",li,200,https://rust.robertdevore.com/course/28-release/,0,valid,,
baseline,https://rust.robertdevore.com/course/24-performance/,https://rust.robertdevore.com/course/,Course,div,200,https://rust.robertdevore.com/course/,0,valid,,
baseline,https://rust.robertdevore.com/course/24-performance/,https://rust.robertdevore.com/course/23-unsafe/,← Previous lesson Unsafe boundaries and soundness,nav,200,https://rust.robertdevore.com/course/23-unsafe/,0,valid,,
baseline,https://rust.robertdevore.com/course/24-performance/,https://rust.robertdevore.com/course/25-horizon/,Next lesson → Stable Rust and the horizon,nav,200,https://rust.robertdevore.com/course/25-horizon/,0,valid,,
baseline,https://rust.robertdevore.com/course/24-performance/,https://rust.robertdevore.com/course/24-performance/#a-measurement-starts-with-a-question,A measurement starts with a question,nav,200,https://rust.robertdevore.com/course/24-performance/,0,valid,,
baseline,https://rust.robertdevore.com/course/24-performance/,https://rust.robertdevore.com/course/24-performance/#design-the-experiment,Design the experiment,nav,200,https://rust.robertdevore.com/course/24-performance/,0,valid,,
baseline,https://rust.robertdevore.com/course/24-performance/,https://rust.robertdevore.com/course/24-performance/#optimize-the-bottleneck,Optimize the bottleneck,nav,200,https://rust.robertdevore.com/course/24-performance/,0,valid,,
baseline,https://rust.robertdevore.com/course/24-performance/,https://rust.robertdevore.com/course/24-performance/#exercise,Exercise,nav,200,https://rust.robertdevore.com/course/24-performance/,0,valid,,
baseline,https://rust.robertdevore.com/course/24-performance/,https://rust.robertdevore.com/,R_ / Rust Course,footer,200,https://rust.robertdevore.com/,0,valid,,
baseline,https://rust.robertdevore.com/course/24-performance/,https://rust.robertdevore.com/about/#technical-freshness,"Verified September 6, 2026",div,200,https://rust.robertdevore.com/about/,0,valid,,
baseline,https://rust.robertdevore.com/course/24-performance/,https://rust.robertdevore.com/sitemap.xml,Sitemap,div,200,https://rust.robertdevore.com/sitemap.xml,0,valid,,
baseline,https://rust.robertdevore.com/course/25-horizon/,https://rust.robertdevore.com/course/25-horizon/#main,Skip to content,body,200,https://rust.robertdevore.com/course/25-horizon/,0,valid,,
baseline,https://rust.robertdevore.com/course/25-horizon/,https://rust.robertdevore.com/,Rust / the practical course,header,200,https://rust.robertdevore.com/,0,valid,,
baseline,https://rust.robertdevore.com/course/25-horizon/,https://rust.robertdevore.com/course/,Curriculum,nav,200,https://rust.robertdevore.com/course/,0,valid,,
baseline,https://rust.robertdevore.com/course/25-horizon/,https://rust.robertdevore.com/practice/,Practice,nav,200,https://rust.robertdevore.com/practice/,0,valid,,
baseline,https://rust.robertdevore.com/course/25-horizon/,https://rust.robertdevore.com/about/,About,nav,200,https://rust.robertdevore.com/about/,0,valid,,
baseline,https://rust.robertdevore.com/course/25-horizon/,https://rust.robertdevore.com/course/,← All lessons,aside,200,https://rust.robertdevore.com/course/,0,valid,,
baseline,https://rust.robertdevore.com/course/25-horizon/,https://rust.robertdevore.com/course/01-start/,01 Set up your Rust workshop,li,200,https://rust.robertdevore.com/course/01-start/,0,valid,,
baseline,https://rust.robertdevore.com/course/25-horizon/,https://rust.robertdevore.com/course/02-values/,"02 Values, functions, and control flow",li,200,https://rust.robertdevore.com/course/02-values/,0,valid,,
baseline,https://rust.robertdevore.com/course/25-horizon/,https://rust.robertdevore.com/course/03-ownership/,"03 Ownership, places, and moves",li,200,https://rust.robertdevore.com/course/03-ownership/,0,valid,,
baseline,https://rust.robertdevore.com/course/25-horizon/,https://rust.robertdevore.com/course/04-borrowing/,04 Borrowing and reborrowing,li,200,https://rust.robertdevore.com/course/04-borrowing/,0,valid,,
baseline,https://rust.robertdevore.com/course/25-horizon/,https://rust.robertdevore.com/course/05-text/,"05 Strings, slices, and collections",li,200,https://rust.robertdevore.com/course/05-text/,0,valid,,
baseline,https://rust.robertdevore.com/course/25-horizon/,https://rust.robertdevore.com/course/06-model/,"06 Structs, enums, and useful states",li,200,https://rust.robertdevore.com/course/06-model/,0,valid,,
baseline,https://rust.robertdevore.com/course/25-horizon/,https://rust.robertdevore.com/course/07-errors/,07 Errors as part of the interface,li,200,https://rust.robertdevore.com/course/07-errors/,0,valid,,
baseline,https://rust.robertdevore.com/course/25-horizon/,https://rust.robertdevore.com/course/08-first-build/,08 Stage build: the first event counter,li,200,https://rust.robertdevore.com/course/08-first-build/,0,valid,,
baseline,https://rust.robertdevore.com/course/25-horizon/,https://rust.robertdevore.com/course/09-lifetimes/,09 Lifetimes describe relationships,li,200,https://rust.robertdevore.com/course/09-lifetimes/,0,valid,,
baseline,https://rust.robertdevore.com/course/25-horizon/,https://rust.robertdevore.com/course/10-traits/,10 Traits where abstraction earns its place,li,200,https://rust.robertdevore.com/course/10-traits/,0,valid,,
baseline,https://rust.robertdevore.com/course/25-horizon/,https://rust.robertdevore.com/course/11-iterators/,11 Iterators and closures without hidden ownership,li,200,https://rust.robertdevore.com/course/11-iterators/,0,valid,,
baseline,https://rust.robertdevore.com/course/25-horizon/,https://rust.robertdevore.com/course/12-reader/,12 Stage build: a bounded streaming library,li,200,https://rust.robertdevore.com/course/12-reader/,0,valid,,
baseline,https://rust.robertdevore.com/course/25-horizon/,https://rust.robertdevore.com/course/13-cargo/,"13 Cargo, modules, and dependency boundaries",li,200,https://rust.robertdevore.com/course/13-cargo/,0,valid,,
baseline,https://rust.robertdevore.com/course/25-horizon/,https://rust.robertdevore.com/course/14-testing/,"14 Tests, diagnostics, and complementary tools",li,200,https://rust.robertdevore.com/course/14-testing/,0,valid,,
baseline,https://rust.robertdevore.com/course/25-horizon/,https://rust.robertdevore.com/course/15-interior/,15 Interior mutability and shared ownership,li,200,https://rust.robertdevore.com/course/15-interior/,0,valid,,
baseline,https://rust.robertdevore.com/course/25-horizon/,https://rust.robertdevore.com/course/16-threads/,"16 Threads, Send, and Sync",li,200,https://rust.robertdevore.com/course/16-threads/,0,valid,,
baseline,https://rust.robertdevore.com/course/25-horizon/,https://rust.robertdevore.com/course/17-synchronization/,"17 Channels, locks, and shutdown",li,200,https://rust.robertdevore.com/course/17-synchronization/,0,valid,,
baseline,https://rust.robertdevore.com/course/25-horizon/,https://rust.robertdevore.com/course/18-atomics/,18 Atomics and memory ordering,li,200,https://rust.robertdevore.com/course/18-atomics/,0,valid,,
baseline,https://rust.robertdevore.com/course/25-horizon/,https://rust.robertdevore.com/course/19-futures/,19 Futures before runtimes,li,200,https://rust.robertdevore.com/course/19-futures/,0,valid,,
baseline,https://rust.robertdevore.com/course/25-horizon/,https://rust.robertdevore.com/course/20-async/,"20 Tokio tasks, blocking, and cancellation",li,200,https://rust.robertdevore.com/course/20-async/,0,valid,,
baseline,https://rust.robertdevore.com/course/25-horizon/,https://rust.robertdevore.com/course/21-pin/,21 Pin and async trait boundaries,li,200,https://rust.robertdevore.com/course/21-pin/,0,valid,,
baseline,https://rust.robertdevore.com/course/25-horizon/,https://rust.robertdevore.com/course/22-async-build/,22 Stage build: an async ingestion pipeline,li,200,https://rust.robertdevore.com/course/22-async-build/,0,valid,,
baseline,https://rust.robertdevore.com/course/25-horizon/,https://rust.robertdevore.com/course/23-unsafe/,23 Unsafe boundaries and soundness,li,200,https://rust.robertdevore.com/course/23-unsafe/,0,valid,,
baseline,https://rust.robertdevore.com/course/25-horizon/,https://rust.robertdevore.com/course/24-performance/,24 Measure performance and resource use,li,200,https://rust.robertdevore.com/course/24-performance/,0,valid,,
baseline,https://rust.robertdevore.com/course/25-horizon/,https://rust.robertdevore.com/course/25-horizon/,25 Stable Rust and the horizon,li,200,https://rust.robertdevore.com/course/25-horizon/,0,valid,,
baseline,https://rust.robertdevore.com/course/25-horizon/,https://rust.robertdevore.com/course/26-interop/,"26 FFI, serialization, and public contracts",li,200,https://rust.robertdevore.com/course/26-interop/,0,valid,,
baseline,https://rust.robertdevore.com/course/25-horizon/,https://rust.robertdevore.com/course/27-capstone/,27 Capstone: ship Fieldnotes,li,200,https://rust.robertdevore.com/course/27-capstone/,0,valid,,
baseline,https://rust.robertdevore.com/course/25-horizon/,https://rust.robertdevore.com/course/28-release/,"28 Release, maintain, and keep learning",li,200,https://rust.robertdevore.com/course/28-release/,0,valid,,
baseline,https://rust.robertdevore.com/course/25-horizon/,https://rust.robertdevore.com/course/,Course,div,200,https://rust.robertdevore.com/course/,0,valid,,
baseline,https://rust.robertdevore.com/course/25-horizon/,https://rust.robertdevore.com/course/24-performance/,← Previous lesson Measure performance and resource use,nav,200,https://rust.robertdevore.com/course/24-performance/,0,valid,,
baseline,https://rust.robertdevore.com/course/25-horizon/,https://rust.robertdevore.com/course/26-interop/,"Next lesson → FFI, serialization, and public contracts",nav,200,https://rust.robertdevore.com/course/26-interop/,0,valid,,
baseline,https://rust.robertdevore.com/course/25-horizon/,https://rust.robertdevore.com/course/25-horizon/#a-freshness-point-not-a-prediction,"A freshness point, not a prediction",nav,200,https://rust.robertdevore.com/course/25-horizon/,0,valid,,
baseline,https://rust.robertdevore.com/course/25-horizon/,https://rust.robertdevore.com/course/25-horizon/#how-to-update-an-explanation,How to update an explanation,nav,200,https://rust.robertdevore.com/course/25-horizon/,0,valid,,
baseline,https://rust.robertdevore.com/course/25-horizon/,https://rust.robertdevore.com/course/25-horizon/#exercise,Exercise,nav,200,https://rust.robertdevore.com/course/25-horizon/,0,valid,,
baseline,https://rust.robertdevore.com/course/25-horizon/,https://rust.robertdevore.com/,R_ / Rust Course,footer,200,https://rust.robertdevore.com/,0,valid,,
baseline,https://rust.robertdevore.com/course/25-horizon/,https://rust.robertdevore.com/about/#technical-freshness,"Verified September 6, 2026",div,200,https://rust.robertdevore.com/about/,0,valid,,
baseline,https://rust.robertdevore.com/course/25-horizon/,https://rust.robertdevore.com/sitemap.xml,Sitemap,div,200,https://rust.robertdevore.com/sitemap.xml,0,valid,,
baseline,https://rust.robertdevore.com/course/26-interop/,https://rust.robertdevore.com/course/26-interop/#main,Skip to content,body,200,https://rust.robertdevore.com/course/26-interop/,0,valid,,
baseline,https://rust.robertdevore.com/course/26-interop/,https://rust.robertdevore.com/,Rust / the practical course,header,200,https://rust.robertdevore.com/,0,valid,,
baseline,https://rust.robertdevore.com/course/26-interop/,https://rust.robertdevore.com/course/,Curriculum,nav,200,https://rust.robertdevore.com/course/,0,valid,,
baseline,https://rust.robertdevore.com/course/26-interop/,https://rust.robertdevore.com/practice/,Practice,nav,200,https://rust.robertdevore.com/practice/,0,valid,,
baseline,https://rust.robertdevore.com/course/26-interop/,https://rust.robertdevore.com/about/,About,nav,200,https://rust.robertdevore.com/about/,0,valid,,
baseline,https://rust.robertdevore.com/course/26-interop/,https://rust.robertdevore.com/course/,← All lessons,aside,200,https://rust.robertdevore.com/course/,0,valid,,
baseline,https://rust.robertdevore.com/course/26-interop/,https://rust.robertdevore.com/course/01-start/,01 Set up your Rust workshop,li,200,https://rust.robertdevore.com/course/01-start/,0,valid,,
baseline,https://rust.robertdevore.com/course/26-interop/,https://rust.robertdevore.com/course/02-values/,"02 Values, functions, and control flow",li,200,https://rust.robertdevore.com/course/02-values/,0,valid,,
baseline,https://rust.robertdevore.com/course/26-interop/,https://rust.robertdevore.com/course/03-ownership/,"03 Ownership, places, and moves",li,200,https://rust.robertdevore.com/course/03-ownership/,0,valid,,
baseline,https://rust.robertdevore.com/course/26-interop/,https://rust.robertdevore.com/course/04-borrowing/,04 Borrowing and reborrowing,li,200,https://rust.robertdevore.com/course/04-borrowing/,0,valid,,
baseline,https://rust.robertdevore.com/course/26-interop/,https://rust.robertdevore.com/course/05-text/,"05 Strings, slices, and collections",li,200,https://rust.robertdevore.com/course/05-text/,0,valid,,
baseline,https://rust.robertdevore.com/course/26-interop/,https://rust.robertdevore.com/course/06-model/,"06 Structs, enums, and useful states",li,200,https://rust.robertdevore.com/course/06-model/,0,valid,,
baseline,https://rust.robertdevore.com/course/26-interop/,https://rust.robertdevore.com/course/07-errors/,07 Errors as part of the interface,li,200,https://rust.robertdevore.com/course/07-errors/,0,valid,,
baseline,https://rust.robertdevore.com/course/26-interop/,https://rust.robertdevore.com/course/08-first-build/,08 Stage build: the first event counter,li,200,https://rust.robertdevore.com/course/08-first-build/,0,valid,,
baseline,https://rust.robertdevore.com/course/26-interop/,https://rust.robertdevore.com/course/09-lifetimes/,09 Lifetimes describe relationships,li,200,https://rust.robertdevore.com/course/09-lifetimes/,0,valid,,
baseline,https://rust.robertdevore.com/course/26-interop/,https://rust.robertdevore.com/course/10-traits/,10 Traits where abstraction earns its place,li,200,https://rust.robertdevore.com/course/10-traits/,0,valid,,
baseline,https://rust.robertdevore.com/course/26-interop/,https://rust.robertdevore.com/course/11-iterators/,11 Iterators and closures without hidden ownership,li,200,https://rust.robertdevore.com/course/11-iterators/,0,valid,,
baseline,https://rust.robertdevore.com/course/26-interop/,https://rust.robertdevore.com/course/12-reader/,12 Stage build: a bounded streaming library,li,200,https://rust.robertdevore.com/course/12-reader/,0,valid,,
baseline,https://rust.robertdevore.com/course/26-interop/,https://rust.robertdevore.com/course/13-cargo/,"13 Cargo, modules, and dependency boundaries",li,200,https://rust.robertdevore.com/course/13-cargo/,0,valid,,
baseline,https://rust.robertdevore.com/course/26-interop/,https://rust.robertdevore.com/course/14-testing/,"14 Tests, diagnostics, and complementary tools",li,200,https://rust.robertdevore.com/course/14-testing/,0,valid,,
baseline,https://rust.robertdevore.com/course/26-interop/,https://rust.robertdevore.com/course/15-interior/,15 Interior mutability and shared ownership,li,200,https://rust.robertdevore.com/course/15-interior/,0,valid,,
baseline,https://rust.robertdevore.com/course/26-interop/,https://rust.robertdevore.com/course/16-threads/,"16 Threads, Send, and Sync",li,200,https://rust.robertdevore.com/course/16-threads/,0,valid,,
baseline,https://rust.robertdevore.com/course/26-interop/,https://rust.robertdevore.com/course/17-synchronization/,"17 Channels, locks, and shutdown",li,200,https://rust.robertdevore.com/course/17-synchronization/,0,valid,,
baseline,https://rust.robertdevore.com/course/26-interop/,https://rust.robertdevore.com/course/18-atomics/,18 Atomics and memory ordering,li,200,https://rust.robertdevore.com/course/18-atomics/,0,valid,,
baseline,https://rust.robertdevore.com/course/26-interop/,https://rust.robertdevore.com/course/19-futures/,19 Futures before runtimes,li,200,https://rust.robertdevore.com/course/19-futures/,0,valid,,
baseline,https://rust.robertdevore.com/course/26-interop/,https://rust.robertdevore.com/course/20-async/,"20 Tokio tasks, blocking, and cancellation",li,200,https://rust.robertdevore.com/course/20-async/,0,valid,,
baseline,https://rust.robertdevore.com/course/26-interop/,https://rust.robertdevore.com/course/21-pin/,21 Pin and async trait boundaries,li,200,https://rust.robertdevore.com/course/21-pin/,0,valid,,
baseline,https://rust.robertdevore.com/course/26-interop/,https://rust.robertdevore.com/course/22-async-build/,22 Stage build: an async ingestion pipeline,li,200,https://rust.robertdevore.com/course/22-async-build/,0,valid,,
baseline,https://rust.robertdevore.com/course/26-interop/,https://rust.robertdevore.com/course/23-unsafe/,23 Unsafe boundaries and soundness,li,200,https://rust.robertdevore.com/course/23-unsafe/,0,valid,,
baseline,https://rust.robertdevore.com/course/26-interop/,https://rust.robertdevore.com/course/24-performance/,24 Measure performance and resource use,li,200,https://rust.robertdevore.com/course/24-performance/,0,valid,,
baseline,https://rust.robertdevore.com/course/26-interop/,https://rust.robertdevore.com/course/25-horizon/,25 Stable Rust and the horizon,li,200,https://rust.robertdevore.com/course/25-horizon/,0,valid,,
baseline,https://rust.robertdevore.com/course/26-interop/,https://rust.robertdevore.com/course/26-interop/,"26 FFI, serialization, and public contracts",li,200,https://rust.robertdevore.com/course/26-interop/,0,valid,,
baseline,https://rust.robertdevore.com/course/26-interop/,https://rust.robertdevore.com/course/27-capstone/,27 Capstone: ship Fieldnotes,li,200,https://rust.robertdevore.com/course/27-capstone/,0,valid,,
baseline,https://rust.robertdevore.com/course/26-interop/,https://rust.robertdevore.com/course/28-release/,"28 Release, maintain, and keep learning",li,200,https://rust.robertdevore.com/course/28-release/,0,valid,,
baseline,https://rust.robertdevore.com/course/26-interop/,https://rust.robertdevore.com/course/,Course,div,200,https://rust.robertdevore.com/course/,0,valid,,
baseline,https://rust.robertdevore.com/course/26-interop/,https://rust.robertdevore.com/course/25-horizon/,← Previous lesson Stable Rust and the horizon,nav,200,https://rust.robertdevore.com/course/25-horizon/,0,valid,,
baseline,https://rust.robertdevore.com/course/26-interop/,https://rust.robertdevore.com/course/27-capstone/,Next lesson → Capstone: ship Fieldnotes,nav,200,https://rust.robertdevore.com/course/27-capstone/,0,valid,,
baseline,https://rust.robertdevore.com/course/26-interop/,https://rust.robertdevore.com/course/26-interop/#the-other-side-has-its-own-rules,The other side has its own rules,nav,200,https://rust.robertdevore.com/course/26-interop/,0,valid,,
baseline,https://rust.robertdevore.com/course/26-interop/,https://rust.robertdevore.com/course/26-interop/#write-down-ownership-in-both-directions,Write down ownership in both directions,nav,200,https://rust.robertdevore.com/course/26-interop/,0,valid,,
baseline,https://rust.robertdevore.com/course/26-interop/,https://rust.robertdevore.com/course/26-interop/#a-file-format-is-also-an-interface,A file format is also an interface,nav,200,https://rust.robertdevore.com/course/26-interop/,0,valid,,
baseline,https://rust.robertdevore.com/course/26-interop/,https://rust.robertdevore.com/course/26-interop/#exercise,Exercise,nav,200,https://rust.robertdevore.com/course/26-interop/,0,valid,,
baseline,https://rust.robertdevore.com/course/26-interop/,https://rust.robertdevore.com/,R_ / Rust Course,footer,200,https://rust.robertdevore.com/,0,valid,,
baseline,https://rust.robertdevore.com/course/26-interop/,https://rust.robertdevore.com/about/#technical-freshness,"Verified September 6, 2026",div,200,https://rust.robertdevore.com/about/,0,valid,,
baseline,https://rust.robertdevore.com/course/26-interop/,https://rust.robertdevore.com/sitemap.xml,Sitemap,div,200,https://rust.robertdevore.com/sitemap.xml,0,valid,,
baseline,https://rust.robertdevore.com/course/27-capstone/,https://rust.robertdevore.com/course/27-capstone/#main,Skip to content,body,200,https://rust.robertdevore.com/course/27-capstone/,0,valid,,
baseline,https://rust.robertdevore.com/course/27-capstone/,https://rust.robertdevore.com/,Rust / the practical course,header,200,https://rust.robertdevore.com/,0,valid,,
baseline,https://rust.robertdevore.com/course/27-capstone/,https://rust.robertdevore.com/course/,Curriculum,nav,200,https://rust.robertdevore.com/course/,0,valid,,
baseline,https://rust.robertdevore.com/course/27-capstone/,https://rust.robertdevore.com/practice/,Practice,nav,200,https://rust.robertdevore.com/practice/,0,valid,,
baseline,https://rust.robertdevore.com/course/27-capstone/,https://rust.robertdevore.com/about/,About,nav,200,https://rust.robertdevore.com/about/,0,valid,,
baseline,https://rust.robertdevore.com/course/27-capstone/,https://rust.robertdevore.com/course/,← All lessons,aside,200,https://rust.robertdevore.com/course/,0,valid,,
baseline,https://rust.robertdevore.com/course/27-capstone/,https://rust.robertdevore.com/course/01-start/,01 Set up your Rust workshop,li,200,https://rust.robertdevore.com/course/01-start/,0,valid,,
baseline,https://rust.robertdevore.com/course/27-capstone/,https://rust.robertdevore.com/course/02-values/,"02 Values, functions, and control flow",li,200,https://rust.robertdevore.com/course/02-values/,0,valid,,
baseline,https://rust.robertdevore.com/course/27-capstone/,https://rust.robertdevore.com/course/03-ownership/,"03 Ownership, places, and moves",li,200,https://rust.robertdevore.com/course/03-ownership/,0,valid,,
baseline,https://rust.robertdevore.com/course/27-capstone/,https://rust.robertdevore.com/course/04-borrowing/,04 Borrowing and reborrowing,li,200,https://rust.robertdevore.com/course/04-borrowing/,0,valid,,
baseline,https://rust.robertdevore.com/course/27-capstone/,https://rust.robertdevore.com/course/05-text/,"05 Strings, slices, and collections",li,200,https://rust.robertdevore.com/course/05-text/,0,valid,,
baseline,https://rust.robertdevore.com/course/27-capstone/,https://rust.robertdevore.com/course/06-model/,"06 Structs, enums, and useful states",li,200,https://rust.robertdevore.com/course/06-model/,0,valid,,
baseline,https://rust.robertdevore.com/course/27-capstone/,https://rust.robertdevore.com/course/07-errors/,07 Errors as part of the interface,li,200,https://rust.robertdevore.com/course/07-errors/,0,valid,,
baseline,https://rust.robertdevore.com/course/27-capstone/,https://rust.robertdevore.com/course/08-first-build/,08 Stage build: the first event counter,li,200,https://rust.robertdevore.com/course/08-first-build/,0,valid,,
baseline,https://rust.robertdevore.com/course/27-capstone/,https://rust.robertdevore.com/course/09-lifetimes/,09 Lifetimes describe relationships,li,200,https://rust.robertdevore.com/course/09-lifetimes/,0,valid,,
baseline,https://rust.robertdevore.com/course/27-capstone/,https://rust.robertdevore.com/course/10-traits/,10 Traits where abstraction earns its place,li,200,https://rust.robertdevore.com/course/10-traits/,0,valid,,
baseline,https://rust.robertdevore.com/course/27-capstone/,https://rust.robertdevore.com/course/11-iterators/,11 Iterators and closures without hidden ownership,li,200,https://rust.robertdevore.com/course/11-iterators/,0,valid,,
baseline,https://rust.robertdevore.com/course/27-capstone/,https://rust.robertdevore.com/course/12-reader/,12 Stage build: a bounded streaming library,li,200,https://rust.robertdevore.com/course/12-reader/,0,valid,,
baseline,https://rust.robertdevore.com/course/27-capstone/,https://rust.robertdevore.com/course/13-cargo/,"13 Cargo, modules, and dependency boundaries",li,200,https://rust.robertdevore.com/course/13-cargo/,0,valid,,
baseline,https://rust.robertdevore.com/course/27-capstone/,https://rust.robertdevore.com/course/14-testing/,"14 Tests, diagnostics, and complementary tools",li,200,https://rust.robertdevore.com/course/14-testing/,0,valid,,
baseline,https://rust.robertdevore.com/course/27-capstone/,https://rust.robertdevore.com/course/15-interior/,15 Interior mutability and shared ownership,li,200,https://rust.robertdevore.com/course/15-interior/,0,valid,,
baseline,https://rust.robertdevore.com/course/27-capstone/,https://rust.robertdevore.com/course/16-threads/,"16 Threads, Send, and Sync",li,200,https://rust.robertdevore.com/course/16-threads/,0,valid,,
baseline,https://rust.robertdevore.com/course/27-capstone/,https://rust.robertdevore.com/course/17-synchronization/,"17 Channels, locks, and shutdown",li,200,https://rust.robertdevore.com/course/17-synchronization/,0,valid,,
baseline,https://rust.robertdevore.com/course/27-capstone/,https://rust.robertdevore.com/course/18-atomics/,18 Atomics and memory ordering,li,200,https://rust.robertdevore.com/course/18-atomics/,0,valid,,
baseline,https://rust.robertdevore.com/course/27-capstone/,https://rust.robertdevore.com/course/19-futures/,19 Futures before runtimes,li,200,https://rust.robertdevore.com/course/19-futures/,0,valid,,
baseline,https://rust.robertdevore.com/course/27-capstone/,https://rust.robertdevore.com/course/20-async/,"20 Tokio tasks, blocking, and cancellation",li,200,https://rust.robertdevore.com/course/20-async/,0,valid,,
baseline,https://rust.robertdevore.com/course/27-capstone/,https://rust.robertdevore.com/course/21-pin/,21 Pin and async trait boundaries,li,200,https://rust.robertdevore.com/course/21-pin/,0,valid,,
baseline,https://rust.robertdevore.com/course/27-capstone/,https://rust.robertdevore.com/course/22-async-build/,22 Stage build: an async ingestion pipeline,li,200,https://rust.robertdevore.com/course/22-async-build/,0,valid,,
baseline,https://rust.robertdevore.com/course/27-capstone/,https://rust.robertdevore.com/course/23-unsafe/,23 Unsafe boundaries and soundness,li,200,https://rust.robertdevore.com/course/23-unsafe/,0,valid,,
baseline,https://rust.robertdevore.com/course/27-capstone/,https://rust.robertdevore.com/course/24-performance/,24 Measure performance and resource use,li,200,https://rust.robertdevore.com/course/24-performance/,0,valid,,
baseline,https://rust.robertdevore.com/course/27-capstone/,https://rust.robertdevore.com/course/25-horizon/,25 Stable Rust and the horizon,li,200,https://rust.robertdevore.com/course/25-horizon/,0,valid,,
baseline,https://rust.robertdevore.com/course/27-capstone/,https://rust.robertdevore.com/course/26-interop/,"26 FFI, serialization, and public contracts",li,200,https://rust.robertdevore.com/course/26-interop/,0,valid,,
baseline,https://rust.robertdevore.com/course/27-capstone/,https://rust.robertdevore.com/course/27-capstone/,27 Capstone: ship Fieldnotes,li,200,https://rust.robertdevore.com/course/27-capstone/,0,valid,,
baseline,https://rust.robertdevore.com/course/27-capstone/,https://rust.robertdevore.com/course/28-release/,"28 Release, maintain, and keep learning",li,200,https://rust.robertdevore.com/course/28-release/,0,valid,,
baseline,https://rust.robertdevore.com/course/27-capstone/,https://rust.robertdevore.com/course/,Course,div,200,https://rust.robertdevore.com/course/,0,valid,,
baseline,https://rust.robertdevore.com/course/27-capstone/,https://rust.robertdevore.com/course/26-interop/,"← Previous lesson FFI, serialization, and public contracts",nav,200,https://rust.robertdevore.com/course/26-interop/,0,valid,,
baseline,https://rust.robertdevore.com/course/27-capstone/,https://rust.robertdevore.com/course/28-release/,"Next lesson → Release, maintain, and keep learning",nav,200,https://rust.robertdevore.com/course/28-release/,0,valid,,
baseline,https://rust.robertdevore.com/course/27-capstone/,https://rust.robertdevore.com/course/27-capstone/#product-brief,Product brief,nav,200,https://rust.robertdevore.com/course/27-capstone/,0,valid,,
baseline,https://rust.robertdevore.com/course/27-capstone/,https://rust.robertdevore.com/course/27-capstone/#build-and-install,Build and install,nav,200,https://rust.robertdevore.com/course/27-capstone/,0,valid,,
baseline,https://rust.robertdevore.com/course/27-capstone/,https://rust.robertdevore.com/course/27-capstone/#why-main-stays-small,Why main stays small,nav,200,https://rust.robertdevore.com/course/27-capstone/,0,valid,,
baseline,https://rust.robertdevore.com/course/27-capstone/,https://rust.robertdevore.com/course/27-capstone/#acceptance-suite,Acceptance suite,nav,200,https://rust.robertdevore.com/course/27-capstone/,0,valid,,
baseline,https://rust.robertdevore.com/course/27-capstone/,https://rust.robertdevore.com/course/27-capstone/#your-extension,Your extension,nav,200,https://rust.robertdevore.com/course/27-capstone/,0,valid,,
baseline,https://rust.robertdevore.com/course/27-capstone/,https://rust.robertdevore.com/course/27-capstone/#review-rubric,Review rubric,nav,200,https://rust.robertdevore.com/course/27-capstone/,0,valid,,
baseline,https://rust.robertdevore.com/course/27-capstone/,https://rust.robertdevore.com/,R_ / Rust Course,footer,200,https://rust.robertdevore.com/,0,valid,,
baseline,https://rust.robertdevore.com/course/27-capstone/,https://rust.robertdevore.com/about/#technical-freshness,"Verified September 6, 2026",div,200,https://rust.robertdevore.com/about/,0,valid,,
baseline,https://rust.robertdevore.com/course/27-capstone/,https://rust.robertdevore.com/sitemap.xml,Sitemap,div,200,https://rust.robertdevore.com/sitemap.xml,0,valid,,
baseline,https://rust.robertdevore.com/course/28-release/,https://rust.robertdevore.com/course/28-release/#main,Skip to content,body,200,https://rust.robertdevore.com/course/28-release/,0,valid,,
baseline,https://rust.robertdevore.com/course/28-release/,https://rust.robertdevore.com/,Rust / the practical course,header,200,https://rust.robertdevore.com/,0,valid,,
baseline,https://rust.robertdevore.com/course/28-release/,https://rust.robertdevore.com/course/,Curriculum,nav,200,https://rust.robertdevore.com/course/,0,valid,,
baseline,https://rust.robertdevore.com/course/28-release/,https://rust.robertdevore.com/practice/,Practice,nav,200,https://rust.robertdevore.com/practice/,0,valid,,
baseline,https://rust.robertdevore.com/course/28-release/,https://rust.robertdevore.com/about/,About,nav,200,https://rust.robertdevore.com/about/,0,valid,,
baseline,https://rust.robertdevore.com/course/28-release/,https://rust.robertdevore.com/course/,← All lessons,aside,200,https://rust.robertdevore.com/course/,0,valid,,
baseline,https://rust.robertdevore.com/course/28-release/,https://rust.robertdevore.com/course/01-start/,01 Set up your Rust workshop,li,200,https://rust.robertdevore.com/course/01-start/,0,valid,,
baseline,https://rust.robertdevore.com/course/28-release/,https://rust.robertdevore.com/course/02-values/,"02 Values, functions, and control flow",li,200,https://rust.robertdevore.com/course/02-values/,0,valid,,
baseline,https://rust.robertdevore.com/course/28-release/,https://rust.robertdevore.com/course/03-ownership/,"03 Ownership, places, and moves",li,200,https://rust.robertdevore.com/course/03-ownership/,0,valid,,
baseline,https://rust.robertdevore.com/course/28-release/,https://rust.robertdevore.com/course/04-borrowing/,04 Borrowing and reborrowing,li,200,https://rust.robertdevore.com/course/04-borrowing/,0,valid,,
baseline,https://rust.robertdevore.com/course/28-release/,https://rust.robertdevore.com/course/05-text/,"05 Strings, slices, and collections",li,200,https://rust.robertdevore.com/course/05-text/,0,valid,,
baseline,https://rust.robertdevore.com/course/28-release/,https://rust.robertdevore.com/course/06-model/,"06 Structs, enums, and useful states",li,200,https://rust.robertdevore.com/course/06-model/,0,valid,,
baseline,https://rust.robertdevore.com/course/28-release/,https://rust.robertdevore.com/course/07-errors/,07 Errors as part of the interface,li,200,https://rust.robertdevore.com/course/07-errors/,0,valid,,
baseline,https://rust.robertdevore.com/course/28-release/,https://rust.robertdevore.com/course/08-first-build/,08 Stage build: the first event counter,li,200,https://rust.robertdevore.com/course/08-first-build/,0,valid,,
baseline,https://rust.robertdevore.com/course/28-release/,https://rust.robertdevore.com/course/09-lifetimes/,09 Lifetimes describe relationships,li,200,https://rust.robertdevore.com/course/09-lifetimes/,0,valid,,
baseline,https://rust.robertdevore.com/course/28-release/,https://rust.robertdevore.com/course/10-traits/,10 Traits where abstraction earns its place,li,200,https://rust.robertdevore.com/course/10-traits/,0,valid,,
baseline,https://rust.robertdevore.com/course/28-release/,https://rust.robertdevore.com/course/11-iterators/,11 Iterators and closures without hidden ownership,li,200,https://rust.robertdevore.com/course/11-iterators/,0,valid,,
baseline,https://rust.robertdevore.com/course/28-release/,https://rust.robertdevore.com/course/12-reader/,12 Stage build: a bounded streaming library,li,200,https://rust.robertdevore.com/course/12-reader/,0,valid,,
baseline,https://rust.robertdevore.com/course/28-release/,https://rust.robertdevore.com/course/13-cargo/,"13 Cargo, modules, and dependency boundaries",li,200,https://rust.robertdevore.com/course/13-cargo/,0,valid,,
baseline,https://rust.robertdevore.com/course/28-release/,https://rust.robertdevore.com/course/14-testing/,"14 Tests, diagnostics, and complementary tools",li,200,https://rust.robertdevore.com/course/14-testing/,0,valid,,
baseline,https://rust.robertdevore.com/course/28-release/,https://rust.robertdevore.com/course/15-interior/,15 Interior mutability and shared ownership,li,200,https://rust.robertdevore.com/course/15-interior/,0,valid,,
baseline,https://rust.robertdevore.com/course/28-release/,https://rust.robertdevore.com/course/16-threads/,"16 Threads, Send, and Sync",li,200,https://rust.robertdevore.com/course/16-threads/,0,valid,,
baseline,https://rust.robertdevore.com/course/28-release/,https://rust.robertdevore.com/course/17-synchronization/,"17 Channels, locks, and shutdown",li,200,https://rust.robertdevore.com/course/17-synchronization/,0,valid,,
baseline,https://rust.robertdevore.com/course/28-release/,https://rust.robertdevore.com/course/18-atomics/,18 Atomics and memory ordering,li,200,https://rust.robertdevore.com/course/18-atomics/,0,valid,,
baseline,https://rust.robertdevore.com/course/28-release/,https://rust.robertdevore.com/course/19-futures/,19 Futures before runtimes,li,200,https://rust.robertdevore.com/course/19-futures/,0,valid,,
baseline,https://rust.robertdevore.com/course/28-release/,https://rust.robertdevore.com/course/20-async/,"20 Tokio tasks, blocking, and cancellation",li,200,https://rust.robertdevore.com/course/20-async/,0,valid,,
baseline,https://rust.robertdevore.com/course/28-release/,https://rust.robertdevore.com/course/21-pin/,21 Pin and async trait boundaries,li,200,https://rust.robertdevore.com/course/21-pin/,0,valid,,
baseline,https://rust.robertdevore.com/course/28-release/,https://rust.robertdevore.com/course/22-async-build/,22 Stage build: an async ingestion pipeline,li,200,https://rust.robertdevore.com/course/22-async-build/,0,valid,,
baseline,https://rust.robertdevore.com/course/28-release/,https://rust.robertdevore.com/course/23-unsafe/,23 Unsafe boundaries and soundness,li,200,https://rust.robertdevore.com/course/23-unsafe/,0,valid,,
baseline,https://rust.robertdevore.com/course/28-release/,https://rust.robertdevore.com/course/24-performance/,24 Measure performance and resource use,li,200,https://rust.robertdevore.com/course/24-performance/,0,valid,,
baseline,https://rust.robertdevore.com/course/28-release/,https://rust.robertdevore.com/course/25-horizon/,25 Stable Rust and the horizon,li,200,https://rust.robertdevore.com/course/25-horizon/,0,valid,,
baseline,https://rust.robertdevore.com/course/28-release/,https://rust.robertdevore.com/course/26-interop/,"26 FFI, serialization, and public contracts",li,200,https://rust.robertdevore.com/course/26-interop/,0,valid,,
baseline,https://rust.robertdevore.com/course/28-release/,https://rust.robertdevore.com/course/27-capstone/,27 Capstone: ship Fieldnotes,li,200,https://rust.robertdevore.com/course/27-capstone/,0,valid,,
baseline,https://rust.robertdevore.com/course/28-release/,https://rust.robertdevore.com/course/28-release/,"28 Release, maintain, and keep learning",li,200,https://rust.robertdevore.com/course/28-release/,0,valid,,
baseline,https://rust.robertdevore.com/course/28-release/,https://rust.robertdevore.com/course/,Course,div,200,https://rust.robertdevore.com/course/,0,valid,,
baseline,https://rust.robertdevore.com/course/28-release/,https://rust.robertdevore.com/course/27-capstone/,← Previous lesson Capstone: ship Fieldnotes,nav,200,https://rust.robertdevore.com/course/27-capstone/,0,valid,,
baseline,https://rust.robertdevore.com/course/28-release/,https://rust.robertdevore.com/course/,Course complete → Revisit your learning path,nav,200,https://rust.robertdevore.com/course/,0,valid,,
baseline,https://rust.robertdevore.com/course/28-release/,https://rust.robertdevore.com/course/28-release/#a-release-is-a-promise-others-can-reproduce,A release is a promise others can reproduce,nav,200,https://rust.robertdevore.com/course/28-release/,0,valid,,
baseline,https://rust.robertdevore.com/course/28-release/,https://rust.robertdevore.com/course/28-release/#review-the-public-rust-surface,Review the public Rust surface,nav,200,https://rust.robertdevore.com/course/28-release/,0,valid,,
baseline,https://rust.robertdevore.com/course/28-release/,https://rust.robertdevore.com/course/28-release/#a-practical-maintenance-loop,A practical maintenance loop,nav,200,https://rust.robertdevore.com/course/28-release/,0,valid,,
baseline,https://rust.robertdevore.com/course/28-release/,https://rust.robertdevore.com/course/28-release/#exercise,Exercise,nav,200,https://rust.robertdevore.com/course/28-release/,0,valid,,
baseline,https://rust.robertdevore.com/course/28-release/,https://rust.robertdevore.com/course/28-release/#where-to-go-next,Where to go next,nav,200,https://rust.robertdevore.com/course/28-release/,0,valid,,
baseline,https://rust.robertdevore.com/course/28-release/,https://rust.robertdevore.com/,R_ / Rust Course,footer,200,https://rust.robertdevore.com/,0,valid,,
baseline,https://rust.robertdevore.com/course/28-release/,https://rust.robertdevore.com/about/#technical-freshness,"Verified September 6, 2026",div,200,https://rust.robertdevore.com/about/,0,valid,,
baseline,https://rust.robertdevore.com/course/28-release/,https://rust.robertdevore.com/sitemap.xml,Sitemap,div,200,https://rust.robertdevore.com/sitemap.xml,0,valid,,
baseline,https://rust.robertdevore.com/practice/,https://rust.robertdevore.com/practice/#main,Skip to content,body,200,https://rust.robertdevore.com/practice/,0,valid,,
baseline,https://rust.robertdevore.com/practice/,https://rust.robertdevore.com/,Rust / the practical course,header,200,https://rust.robertdevore.com/,0,valid,,
baseline,https://rust.robertdevore.com/practice/,https://rust.robertdevore.com/course/,Curriculum,nav,200,https://rust.robertdevore.com/course/,0,valid,,
baseline,https://rust.robertdevore.com/practice/,https://rust.robertdevore.com/practice/,Practice,nav,200,https://rust.robertdevore.com/practice/,0,valid,,
baseline,https://rust.robertdevore.com/practice/,https://rust.robertdevore.com/about/,About,nav,200,https://rust.robertdevore.com/about/,0,valid,,
baseline,https://rust.robertdevore.com/practice/,https://rust.robertdevore.com/course/08-first-build/,"08 Stage build: the first event counter Combine control flow and borrowed text into a small working program. 70 min · Read, run, practice ↗",div,200,https://rust.robertdevore.com/course/08-first-build/,0,valid,,
baseline,https://rust.robertdevore.com/practice/,https://rust.robertdevore.com/course/12-reader/,"12 Stage build: a bounded streaming library Separate parsing from I/O and enforce memory limits before input grows. 90 min · Read, run, practice ↗",div,200,https://rust.robertdevore.com/course/12-reader/,0,valid,,
baseline,https://rust.robertdevore.com/practice/,https://rust.robertdevore.com/course/22-async-build/,"22 Stage build: an async ingestion pipeline Keep one owner of the aggregate while producers hand over bounded work. 80 min · Read, run, practice ↗",div,200,https://rust.robertdevore.com/course/22-async-build/,0,valid,,
baseline,https://rust.robertdevore.com/practice/,https://rust.robertdevore.com/course/27-capstone/,"27 Capstone: ship Fieldnotes Assemble the tested parser and bounded reader into an installable command-line product. 150 min · Read, run, practice ↗",div,200,https://rust.robertdevore.com/course/27-capstone/,0,valid,,
baseline,https://rust.robertdevore.com/practice/,https://rust.robertdevore.com/course/03-ownership/,"03 Ownership, places, and moves Track who owns a value and why passing it can make its old location unavailable. 55 min · Read, run, practice ↗",div,200,https://rust.robertdevore.com/course/03-ownership/,0,valid,,
baseline,https://rust.robertdevore.com/practice/,https://rust.robertdevore.com/course/04-borrowing/,"04 Borrowing and reborrowing Reason about permitted access over time instead of treating references as spare owners. 55 min · Read, run, practice ↗",div,200,https://rust.robertdevore.com/course/04-borrowing/,0,valid,,
baseline,https://rust.robertdevore.com/practice/,https://rust.robertdevore.com/course/09-lifetimes/,"09 Lifetimes describe relationships Design borrowed results without pretending annotations extend storage. 55 min · Read, run, practice ↗",div,200,https://rust.robertdevore.com/course/09-lifetimes/,0,valid,,
baseline,https://rust.robertdevore.com/practice/,https://rust.robertdevore.com/course/16-threads/,"16 Threads, Send, and Sync Transfer or borrow work safely while keeping completion and failure explicit. 55 min · Read, run, practice ↗",div,200,https://rust.robertdevore.com/course/16-threads/,0,valid,,
baseline,https://rust.robertdevore.com/practice/,https://rust.robertdevore.com/course/21-pin/,"21 Pin and async trait boundaries Understand address-sensitive values and stable alternatives to native async dyn dispatch. 65 min · Read, run, practice ↗",div,200,https://rust.robertdevore.com/course/21-pin/,0,valid,,
baseline,https://rust.robertdevore.com/practice/,https://rust.robertdevore.com/course/25-horizon/,"25 Stable Rust and the horizon Read current initiatives without turning goals, experiments, or compiler limitations into stable promises. 60 min · Read, run, practice ↗",div,200,https://rust.robertdevore.com/course/25-horizon/,0,valid,,
baseline,https://rust.robertdevore.com/practice/,https://rust.robertdevore.com/,R_ / Rust Course,footer,200,https://rust.robertdevore.com/,0,valid,,
baseline,https://rust.robertdevore.com/practice/,https://rust.robertdevore.com/about/#technical-freshness,"Verified September 6, 2026",div,200,https://rust.robertdevore.com/about/,0,valid,,
baseline,https://rust.robertdevore.com/practice/,https://rust.robertdevore.com/sitemap.xml,Sitemap,div,200,https://rust.robertdevore.com/sitemap.xml,0,valid,,
baseline,https://rust.robertdevore.com/about/,https://rust.robertdevore.com/about/#main,Skip to content,body,200,https://rust.robertdevore.com/about/,0,valid,,
baseline,https://rust.robertdevore.com/about/,https://rust.robertdevore.com/,Rust / the practical course,header,200,https://rust.robertdevore.com/,0,valid,,
baseline,https://rust.robertdevore.com/about/,https://rust.robertdevore.com/course/,Curriculum,nav,200,https://rust.robertdevore.com/course/,0,valid,,
baseline,https://rust.robertdevore.com/about/,https://rust.robertdevore.com/practice/,Practice,nav,200,https://rust.robertdevore.com/practice/,0,valid,,
baseline,https://rust.robertdevore.com/about/,https://rust.robertdevore.com/about/,About,nav,200,https://rust.robertdevore.com/about/,0,valid,,
baseline,https://rust.robertdevore.com/about/,https://rust.robertdevore.com/course/25-horizon/,horizon lesson,p,200,https://rust.robertdevore.com/course/25-horizon/,0,valid,,
baseline,https://rust.robertdevore.com/about/,https://rust.robertdevore.com/,R_ / Rust Course,footer,200,https://rust.robertdevore.com/,0,valid,,
baseline,https://rust.robertdevore.com/about/,https://rust.robertdevore.com/about/#technical-freshness,"Verified September 6, 2026",div,200,https://rust.robertdevore.com/about/,0,valid,,
baseline,https://rust.robertdevore.com/about/,https://rust.robertdevore.com/sitemap.xml,Sitemap,div,200,https://rust.robertdevore.com/sitemap.xml,0,valid,,
